year,state,name,chrstprot,chrstcat,chrstorth,chrstang,chrstothr,chrstgen,judorth,jdcons,judref,judothr,judgen,islmsun,islmshi,islmibd,islmnat,islmalw,islmahm,islmothr,islmgen,budmah,budthr,budothr,budgen,zorogen,hindgen,sikhgen,shntgen,bahgen,taogen,jaingen,confgen,syncgen,anmgen,nonrelig,othrgen,sumrelig,pop,chrstprotpct,chrstcatpct,chrstorthpct,chrstangpct,chrstothrpct,chrstgenpct,judorthpct,judconspct,judrefpct,judothrpct,judgenpct,islmsunpct,islmshipct,islmibdpct,islmnatpct,islmalwpct,islmahmpct,islmothrpct,islmgenpct,budmahpct,budthrpct,budothrpct,budgenpct,zorogenpct,hindgenpct,sikhgenpct,shntgenpct,bahgenpct,taogenpct,jaingenpct,confgenpct,syncgenpct,anmgenpct,nonreligpct,othrgenpct,sumreligpct,total,dualrelig,datatype,sourcereliab,recreliab,reliabilevel,sourcecode,version
"2010",990,WSM,"139,757","35,883",0,0,"4,500","180,140",0,0,0,0,0,0,0,0,0,0,0,61,61,0,0,19,19,0,0,0,0,"1,001",0,0,0,19,0,"2,750","4,871","183,990","188,861",0.74,0.19,0,0,0.0238,0.9538,0,0,0,0,0,0,0,0,0,0,0,0.0003,0.0003,0,0,0.0001,0.0001,0,0,0,0,0.0053,0,0,0,0.0001,0,0.0146,0.0258,0.9742,1,0,24,5,10,Medium,83,1.1
"2010",987,FSM,"33,500","57,500",0,0,"5,000","96,000",0,0,0,0,0,0,0,0,0,0,0,0,0,0,0,650,650,0,0,0,0,800,0,0,0,333,"7,500","3,500","2,188","108,783","110,971",0.3019,0.5182,0,0,0.0451,0.8651,0,0,0,0,0,0,0,0,0,0,0,0,0,0,0,0.0059,0.0059,0,0,0,0,0.0072,0,0,0,0.003,0.0676,0.0315,0.0197,0.9803,1,0,24,5,10,Medium,83,1.1
"2010",986,PAL,"3,700","12,891",0,0,"1,800","18,391",0,0,0,0,0,0,0,0,0,0,0,470,470,0,0,182,182,0,27,0,0,100,0,0,0,53,"1,800",326,21,"21,349","21,370",0.1731,0.6032,0,0,0.0842,0.8606,0,0,0,0,0,0,0,0,0,0,0,0.022,0.022,0,0,0.0085,0.0085,0,0.0013,0,0,0.0047,0,0,0,0.0025,0.0842,0.0153,0.001,0.999,1,0,24,5,10,Medium,83,1.1
"2010",983,MSI,"42,561","4,910",0,0,"3,500","50,971",0,0,0,0,0,0,0,0,0,0,0,0,0,0,0,0,0,0,0,0,0,"1,600",0,0,0,0,700,"1,200",95,"54,471","54,566",0.78,0.09,0,0,0.0641,0.9341,0,0,0,0,0,0,0,0,0,0,0,0,0,0,0,0,0,0,0,0,0,0.0293,0,0,0,0,0.0128,0.022,0.0017,0.9983,1,0,24,5,10,Medium,83,1.1
"2010",970,NAU,"6,459","3,179",0,0,0,"9,638",0,0,0,0,0,0,0,0,0,0,0,0,0,0,0,0,0,0,0,0,0,0,0,0,0,0,0,0,299,"9,638","9,937",0.65,0.3199,0,0,0,0.9699,0,0,0,0,0,0,0,0,0,0,0,0,0,0,0,0,0,0,0,0,0,0,0,0,0,0,0,0,0.0301,0.9699,1,0,24,5,10,Medium,83,1.1
"2010",955,TON,"46,119","13,626",0,"2,000","37,000","98,745",0,0,0,0,0,0,0,0,0,0,0,0,0,0,0,126,126,0,105,0,0,"3,711",0,0,0,0,5,454,"1,671","103,146","104,817",0.44,0.13,0,0.0191,0.353,0.9421,0,0,0,0,0,0,0,0,0,0,0,0,0,0,0,0.0012,0.0012,0,0.001,0,0,0.0354,0,0,0,0,0,0.0043,0.0159,0.9841,1,0,24,5,10,Medium,83,1.1
"2010",950,FIJ,"420,000","105,000",0,"8,600","16,363","549,963",0,0,0,0,0,0,0,0,0,0,0,"51,559","51,559",0,0,0,0,0,"240,609","4,200",0,"2,200",0,0,0,0,"1,400","9,042",345,"858,973","859,318",0.4888,0.1222,0,0.01,0.019,0.64,0,0,0,0,0,0,0,0,0,0,0,0.06,0.06,0,0,0,0,0,0.28,0.0049,0,0.0026,0,0,0,0,0.0016,0.0105,0.0004,0.9996,1,0,24,5,10,Medium,83,1.1
"2010",95,PAN,"805,444","3,361,450",0,0,0,"4,166,894",0,0,0,"6,590","6,590",0,0,0,0,0,0,"13,181","13,181",0,0,"16,233","16,233",0,593,148,0,"24,856",0,0,0,"3,106",0,0,"23,399","4,231,601","4,255,000",0.1893,0.79,0,0,0,0.9793,0,0,0,0.0015,0.0015,0,0,0,0,0,0,0.0031,0.0031,0,0,0.0038,0.0038,0,0.0001,0,0,0.0058,0,0,0,0.0007,0,0,0.0055,0.9945,1,0,24,5,20,Medium,83,1.1
"2010",947,TUV,"9,664",100,0,0,0,"9,764",0,0,0,0,0,0,0,0,0,0,0,10,10,0,0,0,0,0,0,0,0,152,0,0,0,0,0,70,71,"9,996","10,067",0.96,0.0099,0,0,0,0.9699,0,0,0,0,0,0,0,0,0,0,0,0.001,0.001,0,0,0,0,0,0,0,0,0.0151,0,0,0,0,0,0.007,0.0071,0.9929,1,0,24,5,10,Medium,83,1.1
"2010",946,KIR,"42,230","56,650",0,0,0,"98,880",0,0,0,0,0,0,0,0,0,0,0,0,0,0,0,13,13,0,0,0,0,"2,060",0,0,0,0,0,"1,030","1,017","101,983","103,000",0.41,0.55,0,0,0,0.96,0,0,0,0,0,0,0,0,0,0,0,0,0,0,0,0.0001,0.0001,0,0,0,0,0.02,0,0,0,0,0,0.01,0.0099,0.9901,1,0,24,5,10,Medium,83,1.1
"2010",940,SOL,"203,882","101,941",0,"177,055",0,"482,878",0,0,0,0,0,0,0,0,0,0,0,"1,700","1,700",0,0,"1,750","1,750",0,0,0,0,"3,200",0,0,0,0,"26,826","1,700","18,479","518,054","536,533",0.38,0.19,0,0.33,0,0.9,0,0,0,0,0,0,0,0,0,0,0,0.0032,0.0032,0,0,0.0033,0.0033,0,0,0,0,0.006,0,0,0,0,0.05,0.0032,0.0344,0.9656,1,0,24,5,10,Medium,83,1.1
"2010",94,COS,"453,444","3,471,000",0,"1,297",0,"3,925,741",0,0,0,"3,800","3,800",0,0,0,0,0,0,0,0,0,0,"1,200","1,200",0,558,0,0,0,0,0,0,"35,000","1,250","445,000","37,451","4,412,549","4,450,000",0.1019,0.78,0,0.0003,0,0.8822,0,0,0,0.0009,0.0009,0,0,0,0,0,0,0,0,0,0,0.0003,0.0003,0,0.0001,0,0,0,0,0,0,0.0079,0.0003,0.1,0.0084,0.9916,1,0,24,5,10,Medium,83,1.1
"2010",935,VAN,"140,012","28,968",0,"36,210",0,"205,190",0,0,0,0,0,0,0,0,0,0,0,0,0,0,0,476,476,0,0,0,0,"12,070",0,0,0,0,"10,887","8,000","4,777","236,623","241,400",0.58,0.12,0,0.15,0,0.85,0,0,0,0,0,0,0,0,0,0,0,0,0,0,0,0.002,0.002,0,0,0,0,0.05,0,0,0,0,0.0451,0.0331,0.0198,0.9802,1,0,24,5,10,Medium,83,1.1
"2010",93,NIC,"1,350,661","3,798,734","93,149",0,0,"5,242,544",0,0,0,0,0,0,0,0,0,0,0,"1,602","1,602",0,0,0,0,0,0,0,0,0,0,0,0,0,0,"523,963","53,706","5,768,109","5,821,815",0.232,0.6525,0.016,0,0,0.9005,0,0,0,0,0,0,0,0,0,0,0,0.0003,0.0003,0,0,0,0,0,0,0,0,0,0,0,0,0,0,0.09,0.0092,0.9908,1,0,24,4,10,Medium,83,1.1
"2010",920,NEW,"692,769","673,936","7,827","752,931","234,094","2,361,557",0,0,0,"4,696","4,696",0,0,0,0,0,0,"48,943","48,943",0,0,"91,846","91,846",0,"86,698","9,922",0,"7,514",0,0,0,"11,480","31,311","1,711,677","1,846","4,365,644","4,367,490",0.1586,0.1543,0.0018,0.1724,0.0536,0.5407,0,0,0,0.0011,0.0011,0,0,0,0,0,0,0.0112,0.0112,0,0,0.021,0.021,0,0.0199,0.0023,0,0.0017,0,0,0,0.0026,0.0072,0.3919,0.0004,0.9996,1,0,34,5,10,Medium,99,1.1
"2010",92,SAL,"1,990,591","4,219,188",0,0,0,"6,209,779",0,0,0,648,648,0,0,0,0,0,0,"2,027","2,027",0,0,0,0,0,0,0,0,0,0,0,0,0,"27,500","800,563","171,771","7,040,517","7,212,288",0.276,0.585,0,0,0,0.861,0,0,0,0.0001,0.0001,0,0,0,0,0,0,0.0003,0.0003,0,0,0,0,0,0,0,0,0,0,0,0,0,0.0038,0.111,0.0238,0.9762,1,0,24,4,10,Medium,83,1.1
"2010",910,PNG,"4,132,132","1,859,459",0,"137,737","482,082","6,611,410",0,0,0,813,813,0,0,0,0,0,0,"1,832","1,832",0,0,"2,865","2,865",0,0,0,0,"34,384",0,0,0,"3,581","171,921","35,816","24,265","6,862,622","6,886,887",0.6,0.27,0,0.02,0.07,0.96,0,0,0,0.0001,0.0001,0,0,0,0,0,0,0.0003,0.0003,0,0,0.0004,0.0004,0,0,0,0,0.005,0,0,0,0.0005,0.025,0.0052,0.0035,0.9965,1,0,34,8,28,Low,99,1.1
"2010",91,HON,"2,560,652","4,561,162",0,0,0,"7,121,814",0,0,0,397,397,397,0,0,0,0,0,0,397,0,0,0,0,0,0,0,0,0,0,0,0,0,0,"800,203","79,228","7,922,811","8,002,039",0.32,0.57,0,0,0,0.89,0,0,0,0,0,0,0,0,0,0,0,0,0,0,0,0,0,0,0,0,0,0,0,0,0,0,0,0.1,0.0099,0.9901,1,0,24,8,20,Medium,83,1.1
"2010",900,AUL,"2,017,577","4,340,077","616,754","3,338,520","2,837,742","13,150,670",0,0,0,"97,335","97,335",0,0,0,0,0,0,"476,290","476,290",0,0,"528,977","528,977","2,450","180,000","30,000",0,"15,000",0,0,"55,000","70,000","59,000","6,636,435","98,843","21,301,157","21,400,000",0.0943,0.2028,0.0288,0.156,0.1326,0.6145,0,0,0,0.0045,0.0045,0,0,0,0,0,0,0.0223,0.0223,0,0,0.0247,0.0247,0.0001,0.0084,0.0014,0,0.0007,0,0,0.0026,0.0033,0.0028,0.3101,0.0046,0.9954,1,0,24,4,7,High,326,1.1
"2010",90,GUA,"5,529,785","7,603,454",0,0,0,"13,133,239",0,0,0,"2,000","2,000","2,000",0,0,0,0,0,0,"2,000",0,0,0,0,0,0,0,0,0,0,0,0,0,"2,800","635,050","49,374","13,775,089","13,824,463",0.4,0.55,0,0,0,0.95,0,0,0,0.0001,0.0001,0.0001,0,0,0,0,0,0,0.0001,0,0,0,0,0,0,0,0,0,0,0,0,0,0.0002,0.0459,0.0036,0.9964,1,0,24,6,10,Medium,83,1.1
"2010",860,ETM,"16,916","1,088,306",0,0,0,"1,105,222",0,0,0,0,0,0,0,0,0,0,0,"7,894","7,894",0,0,"1,127","1,127",0,0,0,0,0,0,0,0,0,"7,500","4,365","1,671","1,126,108","1,127,779",0.015,0.965,0,0,0,0.98,0,0,0,0,0,0,0,0,0,0,0,0.007,0.007,0,0,0.001,0.001,0,0,0,0,0,0,0,0,0,0.0067,0.0039,0.0015,0.9985,1,0,24,4,10,Medium,83,1.1
"2010",850,INS,"16,797,200","7,198,800","1,886","3,773","1,442,867","25,444,526",0,0,0,0,0,"199,000,000","2,050,000",0,0,0,"500,000",0,"201,550,000",0,0,"1,919,680","1,919,680",0,"3,599,400","12,500",0,"21,200",0,0,0,"2,062,908","3,200,000","1,800,000","349,786","239,610,214","239,960,000",0.07,0.03,0,0,0.006,0.106,0,0,0,0,0,0.8293,0.0085,0,0,0,0.0021,0,0.8399,0,0,0.008,0.008,0,0.015,0.0001,0,0.0001,0,0,0,0.0086,0.0133,0.0075,0.0015,0.9985,1,0,24,4,10,Medium,83,1.1
"2010",840,PHI,"7,487,470","76,469,863",0,"145,000","391,112","84,493,445",0,0,0,300,300,"4,604,898","460,489",0,0,0,0,"48,384","5,113,771",0,0,"105,000","105,000",0,0,0,0,"157,000",0,0,0,"53,000","1,093,786","858,781","222,895","91,875,083","92,097,978",0.0813,0.8303,0,0.0016,0.0042,0.9174,0,0,0,0,0,0.05,0.005,0,0,0,0,0.0005,0.0555,0,0,0.0011,0.0011,0,0,0,0,0.0017,0,0,0,0.0006,0.0119,0.0093,0.0024,0.9976,1,0,24,5,8,High,325,1.1
"2010",835,BRU,"1,853","5,526",0,"1,642","3,341","12,362",0,0,0,30,30,0,0,0,0,0,0,"335,000","335,000",0,0,"28,848","28,848",0,0,0,0,0,0,0,0,"15,000","15,000","4,880",995,"411,120","412,115",0.0045,0.0134,0,0.004,0.0081,0.03,0,0,0,0.0001,0.0001,0,0,0,0,0,0,0.8129,0.8129,0,0,0.07,0.07,0,0,0,0,0,0,0,0,0.0364,0.0364,0.0118,0.0024,0.9976,1,0,24,8,7,High,83,1.1
"2010",830,SIN,"266,768","358,229","4,074","67,166","234,426","930,663",0,0,0,300,300,0,0,0,0,0,0,"727,000","727,000",0,0,"1,688,506","1,688,506",0,"258,053","17,564",0,"6,000","554,426",0,0,"320,000",0,"602,421","7,067","5,104,933","5,112,000",0.0522,0.0701,0.0008,0.0131,0.0459,0.1821,0,0,0,0.0001,0.0001,0,0,0,0,0,0,0.1422,0.1422,0,0,0.3303,0.3303,0,0.0505,0.0034,0,0.0012,0.1085,0,0,0.0626,0,0.1178,0.0014,0.9986,1,0,24,4,8,High,324,1.1
"2010",820,MAL,"600,749","858,334","5,852","247,720","626,103","2,338,758",0,0,0,0,0,"15,536,700","1,726,300",0,0,0,0,0,"17,263,000",0,0,"5,433,600","5,433,600",0,"1,698,000",0,0,0,0,0,0,"710,000","775,000","50,000","31,642","28,268,358","28,300,000",0.0212,0.0303,0.0002,0.0088,0.0221,0.0826,0,0,0,0,0,0.549,0.061,0,0,0,0,0,0.61,0,0,0.192,0.192,0,0.06,0,0,0,0,0,0,0.0251,0.0274,0.0018,0.0011,0.9989,1,0,24,4,7,High,322,1.1
"2010",812,LAO,"63,397","27,549",0,144,"1,022","92,112",0,0,0,0,0,"55,268","6,140",0,0,0,0,0,"61,408","45,000","4,114,404",0,"4,159,404",0,0,0,0,"52,000",0,0,0,"15,000","1,688,748","68,000","4,230","6,136,672","6,140,902",0.0103,0.0045,0,0,0.0002,0.015,0,0,0,0,0,0.009,0.001,0,0,0,0,0,0.01,0.0073,0.67,0,0.6773,0,0,0,0,0.0085,0,0,0,0.0024,0.275,0.0111,0.0007,0.9993,1,0,24,8,20,Medium,1,1.1
"2010",811,CAM,"25,047","8,202",0,96,"23,854","57,199",0,0,0,0,0,"274,289","19,427",0,0,0,0,0,"293,716","47,098","14,754,892",0,"14,801,990",0,0,0,0,0,0,0,0,0,"39,996","59,995","55,260","15,252,896","15,308,156",0.0016,0.0005,0,0,0.0016,0.0037,0,0,0,0,0,0.0179,0.0013,0,0,0,0,0,0.0192,0.0031,0.9639,0,0.9669,0,0,0,0,0,0,0,0,0,0.0026,0.0039,0.0036,0.9964,1,0,24,4,7,High,317,1.1
"2010",800,THI,"190,694","172,023",497,"6,781","34,003","403,998",0,0,0,200,200,"6,060,012","673,334",0,0,0,0,0,"6,733,346",0,"58,580,120",0,"58,580,120",0,"56,000","19,500",0,"6,300",0,0,"77,000","62,000","475,000","673,334","246,674","67,086,798","67,333,472",0.0028,0.0026,0,0.0001,0.0005,0.006,0,0,0,0,0,0.09,0.01,0,0,0,0,0,0.1,0,0.87,0,0.87,0,0.0008,0.0003,0,0.0001,0,0,0.0011,0.0009,0.0071,0.01,0.0037,0.9963,1,0,24,5,10,Medium,83,1.1
"2010",80,BLZ,"80,829","123,010",0,"14,016","6,117","223,972",0,0,0,0,0,0,0,0,0,0,0,577,577,0,0,757,757,0,612,0,0,202,0,0,0,0,0,"47,511","30,475","273,631","304,106",0.2658,0.4045,0,0.0461,0.0201,0.7365,0,0,0,0,0,0,0,0,0,0,0,0.0019,0.0019,0,0,0.0025,0.0025,0,0.002,0,0,0.0007,0,0,0,0,0,0.1562,0.1002,0.8998,1,0,1,2,5,High,74,1.1
"2010",790,NEP,"41,940","3,349","1,378",0,"329,030","375,697",0,0,0,0,0,0,0,0,0,0,0,"1,162,370","1,162,370",0,0,"2,396,099","2,396,099",0,"21,551,492",609,0,"1,283",0,"3,214",0,0,"942,157","50,000","11,583","26,482,921","26,494,504",0.0016,0.0001,0.0001,0,0.0124,0.0142,0,0,0,0,0,0,0,0,0,0,0,0.0439,0.0439,0,0,0.0904,0.0904,0,0.8134,0,0,0,0,0.0001,0,0,0.0356,0.0019,0.0004,0.9996,1,0,24,4,7,High,316,1.1
"2010",781,MAD,554,887,0,0,0,"1,441",0,0,0,0,0,"292,012","19,044",0,0,0,0,0,"311,056",0,0,"1,331","1,331",0,0,0,0,0,0,0,0,0,0,0,"3,577","313,828","317,405",0.0017,0.0028,0,0,0,0.0045,0,0,0,0,0,0.92,0.06,0,0,0,0,0,0.98,0,0,0.0042,0.0042,0,0,0,0,0,0,0,0,0,0,0,0.0113,0.9887,1,0,24,7,10,Medium,83,1.1
"2010",780,SRI,"220,966","1,242,473",0,"22,096","10,043","1,495,578",0,0,0,0,0,"1,816,110","159,755",0,0,0,0,0,"1,975,865","2,875,906","11,591,582",0,"14,467,488",0,"2,565,831",0,0,0,0,0,0,0,0,"9,481","75,835","20,514,243","20,590,078",0.0107,0.0603,0,0.0011,0.0005,0.0726,0,0,0,0,0,0.0882,0.0078,0,0,0,0,0,0.096,0.1397,0.563,0,0.7026,0,0.1246,0,0,0,0,0,0,0,0,0.0005,0.0037,0.9963,1,0,24,4,7,High,315,1.1
"2010",775,MYA,"3,200,000","805,000",0,"60,000","500,000","4,565,000",0,0,0,25,25,"2,450,000",0,0,0,0,0,0,"2,450,000",0,"43,983,776",0,"43,983,776",853,"58,808","1,593",0,"90,271",0,"3,070","107,263","119,276","7,056,956","286,983","84,093","58,723,875","58,807,968",0.0544,0.0137,0,0.001,0.0085,0.0776,0,0,0,0,0,0.0417,0,0,0,0,0,0,0.0417,0,0.7479,0,0.7479,0,0.001,0,0,0.0015,0,0.0001,0.0018,0.002,0.12,0.0049,0.0014,0.9986,1,1,24,5,20,Medium,83,1.1
"2010",771,BNG,"147,290","88,374",0,0,"58,916","294,580",0,0,0,177,177,"131,825,165","294,581",0,0,0,0,0,"132,119,746",0,0,"883,744","883,744",339,"13,256,161","21,000",0,"9,515",0,0,0,"3,152","522,808","116,581","62,885","147,227,803","147,290,688",0.001,0.0006,0,0,0.0004,0.002,0,0,0,0,0,0.895,0.002,0,0,0,0,0,0.897,0,0,0.006,0.006,0,0.09,0.0001,0,0.0001,0,0,0,0,0.0035,0.0008,0.0004,0.9996,1,0,34,99,10,Medium,99,1.1
"2010",770,PAK,"1,258,103","772,343",0,0,"833,144","2,863,590",0,0,0,0,0,"136,736,508","24,129,972",0,0,0,0,"322,935","161,189,415",0,0,"96,880","96,880","5,382","3,705,824","43,058",0,"73,198",0,0,0,"2,152","182,996","163,620","120,461","168,326,115","168,446,576",0.0075,0.0046,0,0,0.0049,0.017,0,0,0,0,0,0.8117,0.1432,0,0,0,0,0.0019,0.9569,0,0,0.0006,0.0006,0,0.022,0.0003,0,0.0004,0,0,0,0,0.0011,0.001,0.0007,0.9993,1,0,24,8,24,Medium,83,1.1
"2010",760,BHU,"3,334","2,146",0,0,"2,974","8,454",0,0,0,0,0,0,0,0,0,0,0,"6,947","6,947","525,366","58,374",0,"583,740",0,"72,169",0,0,0,0,0,0,0,"22,483",196,765,"693,989","694,754",0.0048,0.0031,0,0,0.0043,0.0122,0,0,0,0,0,0,0,0,0,0,0,0.01,0.01,0.7562,0.084,0,0.8402,0,0.1039,0,0,0,0,0,0,0,0.0324,0.0003,0.0011,0.9989,1,0,24,8,35,Low,83,1.1
"2010",750,IND,"8,691,861","8,926,840","2,047,651",0,"8,307,478","27,973,830",0,0,0,"5,000","5,000","136,110,500","24,019,500",0,0,0,0,0,"160,130,000",0,0,"9,241,589","9,241,589","83,642","961,401,054","22,322,975",0,"1,684,469",0,"4,908,196",0,"151,021","2,904,258","3,717,450","476,516","1,194,523,484","1,195,000,000",0.0073,0.0075,0.0017,0,0.007,0.0234,0,0,0,0,0,0.1139,0.0201,0,0,0,0,0,0.134,0,0,0.0077,0.0077,0.0001,0.8045,0.0187,0,0.0014,0,0.0041,0,0.0001,0.0024,0.0031,0.0004,0.9996,1,0,24,4,8,Medium,313,1.1
"2010",740,JPN,"1,307,988","1,072,810","47,680","47,680","23,840","2,499,998",0,0,0,"1,000","1,000",0,0,0,0,0,0,"195,001","195,001",0,0,"88,035,713","88,035,713",0,"23,500","2,000","108,000,000","15,000",0,"1,500","120,000","295,000","12,000","12,107,911",0,"211,308,623","127,451,704",0.0103,0.0084,0.0004,0.0004,0.0002,0.0196,0,0,0,0,0,0,0,0,0,0,0,0.0015,0.0015,0,0,0.6907,0.6907,0,0.0002,0,0.8474,0.0001,0,0,0.0009,0.0023,0.0001,0.095,0,1.658,1.658,1,24,5,10,Medium,83,1.1
"2010",732,ROK,"8,748,356","5,224,935",0,0,0,"13,973,291",0,0,0,101,101,0,0,0,0,0,0,"71,071","71,071",0,0,"11,022,677","11,022,677",0,0,0,"29,951","30,459",0,0,"329,544","45,688","511,716","22,199,939","660,563","48,214,437","48,875,000",0.179,0.1069,0,0,0,0.2859,0,0,0,0,0,0,0,0,0,0,0,0.0015,0.0015,0,0,0.2255,0.2255,0,0,0,0.0006,0.0006,0,0,0.0067,0.0009,0.0105,0.4542,0.0135,0.9865,1,0,34,7,28,Low,99,1.1
"2010",731,PRK,"10,147","40,591",0,0,"355,172","405,910",0,0,0,0,0,0,0,0,0,0,0,0,0,0,0,"1,116,257","1,116,257",0,0,0,0,0,0,0,"3,171,257","15,197","3,903,086","15,690,406","92,175","24,302,113","24,394,288",0.0004,0.0017,0,0,0.0146,0.0166,0,0,0,0,0,0,0,0,0,0,0,0,0,0,0,0.0458,0.0458,0,0,0,0,0,0,0,0.13,0.0006,0.16,0.6432,0.0038,0.9962,1,0,24,9,28,Low,311,1.1
"2010",713,TAW,"629,753","310,192",0,0,"291,456","1,231,401",0,0,0,100,100,"65,000","12,000",0,0,0,0,"25,000","102,000",0,0,"5,710,455","5,710,455",0,0,0,0,"16,654","4,731,996",0,"13,011","9,120,490","58,291","1,593,900","191,702","22,578,298","22,770,000",0.0277,0.0136,0,0,0.0128,0.0541,0,0,0,0,0,0.0029,0.0005,0,0,0,0,0.0011,0.0045,0,0,0.2508,0.2508,0,0,0,0,0.0007,0.2078,0,0.0006,0.4005,0.0026,0.07,0.0084,0.9916,1,0,24,4,8,High,83,1.1
"2010",712,MON,"28,833",654,"3,500",0,"20,183","53,170",0,0,0,0,0,0,0,0,0,0,0,"82,380","82,380",0,0,"1,455,388","1,455,388",0,0,0,0,0,0,0,0,"45,000","250,000","850,000","10,078","2,735,938","2,746,016",0.0105,0.0002,0.0013,0,0.0073,0.0194,0,0,0,0,0,0,0,0,0,0,0,0.03,0.03,0,0,0.53,0.53,0,0,0,0,0,0,0,0,0.0164,0.091,0.3095,0.0037,0.9963,1,0,24,4,24,Medium,83,1.1
"2010",710,CHN,"51,116,622","10,761,394","10,317",0,"16,142,091","78,030,424",0,0,0,"2,579","2,579",0,0,0,0,0,0,"33,629,356","33,629,356",0,0,"169,491,958","169,491,958",0,"18,572","22,699",0,0,"4,573,592",0,0,"564,973,194","53,653,442","437,181,638","3,596,818","1,341,577,454","1,345,174,272",0.038,0.008,0,0,0.012,0.058,0,0,0,0,0,0,0,0,0,0,0,0.025,0.025,0,0,0.126,0.126,0,0,0,0,0,0.0034,0,0,0.42,0.0399,0.325,0.0027,0.9973,1,0,24,5,24,Medium,83,1.1
"2010",705,KZK,0,0,"4,731,595",0,0,"4,731,595",0,0,0,"3,300","3,300","9,189,508","489,475",0,0,0,0,0,"9,678,983",0,0,0,0,0,0,0,0,0,0,0,0,0,0,"1,880,000","21,970","16,293,878","16,315,848",0,0,0.29,0,0,0.29,0,0,0,0.0002,0.0002,0.5632,0.03,0,0,0,0,0,0.5932,0,0,0,0,0,0,0,0,0,0,0,0,0,0,0.1152,0.0013,0.9987,1,0,24,5,20,Medium,83,1.1
"2010",704,UZB,0,0,"1,126,422",0,"281,605","1,408,027",0,0,0,"4,200","4,200","25,907,724","281,605",0,0,0,0,0,"26,189,329",0,0,0,0,0,0,0,0,0,0,0,0,0,0,"504,000","55,014","28,105,556","28,160,570",0,0,0.04,0,0.01,0.05,0,0,0,0.0001,0.0001,0.92,0.01,0,0,0,0,0,0.93,0,0,0,0,0,0,0,0,0,0,0,0,0,0,0.0179,0.002,0.998,1,0,24,5,10,Medium,83,1.1
"2010",703,KYR,"11,000",0,"429,229",0,"100,000","540,229",0,0,0,500,500,"4,131,336","1,200",0,0,0,0,0,"4,132,536",0,0,0,0,0,0,0,0,0,0,0,0,0,0,"268,268","423,839","4,941,533","5,365,372",0.0021,0,0.08,0,0.0186,0.1007,0,0,0,0.0001,0.0001,0.77,0.0002,0,0,0,0,0,0.7702,0,0,0,0,0,0,0,0,0,0,0,0,0,0,0.05,0.079,0.921,1,0,24,5,10,Medium,83,1.1
"2010",702,TAJ,0,0,"150,000",0,0,"150,000",0,0,0,"2,000","2,000","6,320,980","371,822",0,0,0,0,0,"6,692,802",0,0,"5,600","5,600",0,0,0,0,"4,500",0,0,0,0,0,"185,911","395,635","7,040,813","7,436,448",0,0,0.0202,0,0,0.0202,0,0,0,0.0003,0.0003,0.85,0.05,0,0,0,0,0,0.9,0,0,0.0008,0.0008,0,0,0,0,0.0006,0,0,0,0,0,0.025,0.0532,0.9468,1,0,24,5,18,Medium,83,1.1
"2010",701,TKM,0,0,"505,440",0,0,"505,440",0,0,0,700,700,"4,998,243",0,0,0,0,0,0,"4,998,243",0,0,722,722,0,0,0,0,"1,096",0,0,0,0,0,"56,160","53,643","5,562,361","5,616,004",0,0,0.09,0,0,0.09,0,0,0,0.0001,0.0001,0.89,0,0,0,0,0,0,0.89,0,0,0.0001,0.0001,0,0,0,0,0.0002,0,0,0,0,0,0.01,0.0096,0.9904,1,0,24,4,7,High,83,1.1
"2010",700,AFG,"6,000",156,70,39,"1,022","7,287",0,0,0,0,0,"21,600,000","5,130,000",0,0,0,0,"150,000","26,880,000",0,0,"2,500","2,500","2,000","8,000","2,000",0,"3,000",0,0,0,0,"3,316","55,000","36,897","26,963,103","27,000,000",0.0002,0,0,0,0,0.0003,0,0,0,0,0,0.8,0.19,0,0,0,0,0.0056,0.9956,0,0,0.0001,0.0001,0.0001,0.0003,0.0001,0,0.0001,0,0,0,0,0.0001,0.002,0.0014,0.9986,1,0,24,4,10,Medium,83,1.1
"2010",70,MEX,"15,886,801","92,924,489",0,0,0,"108,811,290",0,0,0,"67,476","67,476",0,0,0,0,0,0,"3,760","3,760",0,0,0,0,0,0,0,0,0,0,0,0,"35,995","27,839","3,052,509","337,669","111,998,869","112,336,538",0.1414,0.8272,0,0,0,0.9686,0,0,0,0.0006,0.0006,0,0,0,0,0,0,0,0,0,0,0,0,0,0,0,0,0,0,0,0,0.0003,0.0002,0.0272,0.003,0.997,1,0,1,1,5,High,70,1.1
"2010",698,OMA,"6,900","49,399","25,300",0,"17,900","99,499",0,0,0,0,0,"862,000","210,000","1,606,195",0,0,0,0,"2,678,195",0,0,"8,900","8,900",0,"78,000","19,000",0,0,0,0,0,0,0,0,"96,360","2,883,594","2,979,954",0.0023,0.0166,0.0085,0,0.006,0.0334,0,0,0,0,0,0.2893,0.0705,0.539,0,0,0,0,0.8987,0,0,0.003,0.003,0,0.0262,0.0064,0,0,0,0,0,0,0,0,0.0323,0.9677,1,0,24,5,20,Medium,1,1.1
"2010",696,UAE,0,"185,228","185,228",0,"75,005","445,461",0,0,0,0,0,"3,530,371","677,966",0,0,0,0,0,"4,208,337",0,0,"22,000","22,000",0,"1,387,654",0,0,"62,367",0,0,0,0,0,"85,000","25,831","6,210,819","6,236,650",0,0.0297,0.0297,0,0.012,0.0714,0,0,0,0,0,0.5661,0.1087,0,0,0,0,0,0.6748,0,0,0.0035,0.0035,0,0.2225,0,0,0.01,0,0,0,0,0,0.0136,0.0041,0.9959,1,0,234,5,20,Medium,83,1.1
"2010",694,QAT,"6,000","200,000","20,000","3,000","16,603","245,603",0,0,0,0,0,"628,790","169,943",0,0,0,0,0,"798,733",0,0,"36,603","36,603",0,"450,000",0,0,0,0,0,0,0,0,"30,000","138,496","1,560,939","1,699,435",0.0035,0.1177,0.0118,0.0018,0.0098,0.1445,0,0,0,0,0,0.37,0.1,0,0,0,0,0,0.47,0,0,0.0215,0.0215,0,0.2648,0,0,0,0,0,0,0,0,0.0177,0.0815,0.9185,1,0,24,7,10,Medium,83,1.1
"2010",692,BAH,"13,767","32,757","33,917","13,767","26,777","120,985",0,0,0,0,0,"365,037","741,137",0,0,0,0,0,"1,106,174",0,0,0,0,0,0,0,0,0,0,0,0,0,0,0,"7,412","1,227,159","1,234,571",0.0112,0.0265,0.0275,0.0112,0.0217,0.098,0,0,0,0,0,0.2957,0.6003,0,0,0,0,0,0.896,0,0,0,0,0,0,0,0,0,0,0,0,0,0,0,0.006,0.994,1,0,24,4,8,High,303,1.1
"2010",690,KUW,0,0,0,0,0,0,0,0,0,0,0,"1,886,897","591,600",0,0,0,0,0,"2,478,497",0,0,0,0,0,"107,823",0,0,0,0,0,0,0,0,0,"109,248","2,586,320","2,695,568",0,0,0,0,0,0,0,0,0,0,0,0.7,0.2195,0,0,0,0,0,0.9195,0,0,0,0,0,0.04,0,0,0,0,0,0,0,0,0,0.0405,0.9595,1,0,24,5,20,Medium,83,1.1
"2010",679,YEM,0,0,0,0,0,0,0,0,0,0,0,"12,982,960","10,386,368",0,0,0,0,0,"23,369,328",0,0,0,0,0,0,0,0,0,0,0,0,0,0,0,"236,054","23,369,328","23,605,382",0,0,0,0,0,0,0,0,0,0,0,0.55,0.44,0,0,0,0,0,0.99,0,0,0,0,0,0,0,0,0,0,0,0,0,0,0,0.01,0.99,1,0,24,5,20,High,83,1.1
"2010",670,SAU,0,"782,723",0,0,0,"782,723",0,0,0,0,0,"22,829,436","1,648,170",0,0,0,0,0,"24,477,606",0,0,0,0,0,"260,907",0,0,0,0,0,0,0,0,"521,815","47,733","26,043,051","26,090,784",0,0.03,0,0,0,0.03,0,0,0,0,0,0.875,0.0632,0,0,0,0,0,0.9382,0,0,0,0,0,0.01,0,0,0,0,0,0,0,0,0.02,0.0018,0.9982,1,0,24,4,10,Medium,83,1.1
"2010",666,ISR,0,"101,600","50,800",0,0,"152,400","5,517,567","33,439","22,293",0,"5,573,299","1,371,600",0,0,0,0,0,"152,400","1,524,000",0,0,0,0,0,0,0,0,0,0,0,0,0,0,"343,000","31,795","7,592,699","7,624,494",0,0.0133,0.0067,0,0,0.02,0.7237,0.0044,0.0029,0,0.731,0.1799,0,0,0,0,0,0.02,0.1999,0,0,0,0,0,0,0,0,0,0,0,0,0,0,0.045,0.0042,0.9958,1,0,2,1,1,High,90,1.1
"2010",663,JOR,0,"30,560","134,467",0,"18,336","183,363",0,0,0,0,0,"5,806,540","122,242",0,0,0,0,0,"5,928,782",0,0,0,0,0,0,0,0,0,0,0,0,0,0,0,3,"6,112,145","6,112,148",0,0.005,0.022,0,0.003,0.03,0,0,0,0,0,0.95,0.02,0,0,0,0,0,0.97,0,0,0,0,0,0,0,0,0,0,0,0,0,0,0,0,1,1,0,24,9,25,Medium,83,1.1
"2010",660,LEB,"28,567","857,010","489,720",0,"285,670","1,660,967",0,0,0,0,0,"1,101,870","1,101,870",0,0,0,0,0,"2,203,740",0,0,"75,000","75,000",0,0,0,0,0,0,0,0,0,0,"122,430","18,863","4,062,137","4,081,000",0.007,0.21,0.12,0,0.07,0.407,0,0,0,0,0,0.27,0.27,0,0,0,0,0,0.54,0,0,0.0184,0.0184,0,0,0,0,0,0,0,0,0,0,0.03,0.0046,0.9954,1,0,2,5,20,Medium,83,1.1
"2010",652,SYR,"72,993","378,443","1,079,535",0,0,"1,530,971",0,0,0,0,0,"15,113,492",0,0,0,"3,258,974",0,0,"18,372,466",0,0,0,0,0,0,0,0,0,0,0,0,0,0,"297,589","167,562","20,201,026","20,368,588",0.0036,0.0186,0.053,0,0,0.0752,0,0,0,0,0,0.742,0,0,0,0.16,0,0,0.902,0,0,0,0,0,0,0,0,0,0,0,0,0,0,0.0146,0.0082,0.9918,1,0,24,4,20,Medium,83,1.1
"2010",651,EGY,"1,219,163","98,000","8,127,756",0,"406,387","9,851,306",0,0,0,0,0,"69,898,701",0,0,0,"350,000",0,0,"70,248,701",0,0,0,0,0,0,0,0,0,0,0,0,0,0,"812,776","364,777","80,912,783","81,277,560",0.015,0.0012,0.1,0,0.005,0.1212,0,0,0,0,0,0.86,0,0,0,0.0043,0,0,0.8643,0,0,0,0,0,0,0,0,0,0,0,0,0,0,0.01,0.0045,0.9955,1,0,24,5,20,Medium,83,1.1
"2010",645,IRQ,0,"265,000","335,000",0,0,"600,000",0,0,0,0,0,"10,335,000","19,875,000",0,0,0,0,0,"30,210,000",0,0,0,0,0,0,0,0,0,0,0,0,0,0,"350,000","640,000","31,160,000","31,800,000",0,0.0083,0.0105,0,0,0.0189,0,0,0,0,0,0.325,0.625,0,0,0,0,0,0.95,0,0,0,0,0,0,0,0,0,0,0,0,0,0,0.011,0.0201,0.9799,1,0,24,5,20,Medium,83,1.1
"2010",640,TUR,"64,498","35,747","87,906",0,"132,126","320,277",0,0,0,"15,000","15,000","75,699,756",0,0,0,0,0,0,"75,699,756",0,0,0,0,0,0,0,0,0,0,0,0,0,0,"383,938","368,661","76,418,971","76,787,632",0.0008,0.0005,0.0011,0,0.0017,0.0042,0,0,0,0.0002,0.0002,0.9858,0,0,0,0,0,0,0.9858,0,0,0,0,0,0,0,0,0,0,0,0,0,0,0.005,0.0048,0.9952,1,0,24,4,20,Medium,83,1.1
"2010",630,IRN,0,0,"117,000",0,0,"117,000",0,0,0,"8,700","8,700","6,666,620","66,666,204",0,0,0,0,0,"73,332,824",0,0,0,0,0,0,0,0,"300,000",0,0,0,0,0,"265,000","50,036","74,023,524","74,073,560",0,0,0.0016,0,0,0.0016,0,0,0,0.0001,0.0001,0.09,0.9,0,0,0,0,0,0.99,0,0,0,0,0,0,0,0,0.0041,0,0,0,0,0,0.0036,0.0007,0.9993,1,0,24,8,5,High,31,1.1
"2010",625,SUD,"703,757","2,013,776","150,000",0,0,"2,867,533",0,0,0,0,0,"28,488,914",0,0,0,0,0,0,"28,488,914",0,0,0,0,0,0,0,0,0,0,0,0,0,"8,025,046","401,252","342,487","39,782,745","40,125,232",0.0175,0.0502,0.0037,0,0,0.0715,0,0,0,0,0,0.71,0,0,0,0,0,0,0.71,0,0,0,0,0,0,0,0,0,0,0,0,0,0.2,0.01,0.0085,0.9915,1,0,24,4,28,Low,1,1.1
"2010",620,LIB,0,"65,091","65,091",0,"65,091","195,273",0,0,0,0,0,"6,310,833",0,0,0,0,0,0,"6,310,833",0,0,0,0,0,0,0,0,0,0,0,0,0,0,0,"3,000","6,506,106","6,509,106",0,0.01,0.01,0,0.01,0.03,0,0,0,0,0,0.9695,0,0,0,0,0,0,0.9695,0,0,0,0,0,0,0,0,0,0,0,0,0,0,0,0.0005,0.9995,1,0,24,4,5,High,1,1.1
"2010",616,TUN,0,"31,646",0,0,"5,700","37,346",0,0,0,"1,500","1,500","10,338,017","105,489",0,0,0,0,0,"10,443,506",0,0,0,0,0,0,0,0,0,0,0,0,0,0,0,"66,645","10,482,352","10,548,997",0,0.003,0,0,0.0005,0.0035,0,0,0,0.0001,0.0001,0.98,0.01,0,0,0,0,0,0.99,0,0,0,0,0,0,0,0,0,0,0,0,0,0,0,0.0063,0.9937,1,0,24,5,20,Medium,1,1.1
"2010",615,ALG,0,0,0,0,"285,330","285,330",0,0,0,0,0,"35,309,660",0,0,0,0,0,0,"35,309,660",0,0,0,0,0,0,0,0,0,0,0,0,0,0,0,"71,334","35,594,990","35,666,324",0,0,0,0,0.008,0.008,0,0,0,0,0,0.99,0,0,0,0,0,0,0.99,0,0,0,0,0,0,0,0,0,0,0,0,0,0,0,0.002,0.998,1,0,24,8,20,Medium,1,1.1
"2010",600,MOR,0,0,0,0,"317,760","317,760",0,0,0,"6,000","6,000","31,426,515","3,500",0,0,0,0,0,"31,430,015",0,0,0,0,0,0,0,0,0,0,0,0,0,0,0,"22,277","31,753,775","31,776,052",0,0,0,0,0.01,0.01,0,0,0,0.0002,0.0002,0.989,0.0001,0,0,0,0,0,0.9891,0,0,0,0,0,0,0,0,0,0,0,0,0,0,0,0.0007,0.9993,1,0,24,8,10,Medium,1,1.1
"2010",60,SKN,"7,500","12,675",0,"25,350",0,"45,525",0,0,0,0,0,0,0,0,0,0,0,141,141,0,0,0,0,0,481,0,0,0,0,0,0,0,0,"4,500",53,"50,647","50,700",0.1479,0.25,0,0.5,0,0.8979,0,0,0,0,0,0,0,0,0,0,0,0.0028,0.0028,0,0,0,0,0,0.0095,0,0,0,0,0,0,0,0,0.0888,0.001,0.999,1,0,24,4,8,High,83,1.1
"2010",591,SEY,"3,855","69,297",97,"5,614","2,258","81,121",0,0,0,0,0,0,0,0,0,0,0,"1,459","1,459",0,0,331,331,17,"2,174",0,0,522,62,0,0,0,0,840,91,"86,526","86,617",0.0445,0.8,0.0011,0.0648,0.0261,0.9365,0,0,0,0,0,0,0,0,0,0,0,0.0168,0.0168,0,0,0.0038,0.0038,0.0002,0.0251,0,0,0.006,0.0007,0,0,0,0,0.0097,0.0011,0.9989,1,0,24,4,7,High,332,1.1
"2010",590,MAS,"26,894","336,666",35,"2,889","50,000","416,484",0,0,0,0,0,"203,522","18,256",0,0,0,0,0,"221,778",0,0,"2,251","2,251",0,"622,238","2,817",0,668,0,0,0,"3,500","1,200","9,092",483,"1,280,028","1,280,511",0.021,0.2629,0,0.0023,0.039,0.3252,0,0,0,0,0,0.1589,0.0143,0,0,0,0,0,0.1732,0,0,0.0018,0.0018,0,0.4859,0.0022,0,0.0005,0,0,0,0.0027,0.0009,0.0071,0.0004,0.9996,1,0,24,4,7,High,331,1.1
"2010",581,COM,0,850,0,0,0,850,0,0,0,0,0,0,"666,746",0,0,0,0,0,"666,746",0,0,0,0,0,0,0,0,599,0,0,0,0,"9,975","1,658",133,"679,828","679,961",0,0.0013,0,0,0,0.0013,0,0,0,0,0,0,0.9806,0,0,0,0,0,0.9806,0,0,0,0,0,0,0,0,0.0009,0,0,0,0,0.0147,0.0024,0.0002,0.9998,1,0,24,4,20,Medium,83,1.1
"2010",580,MAG,"4,103,362","5,490,037",0,"1,061,707","1,376,675","12,031,782",0,0,0,308,308,"1,068,176","55,457",0,0,0,0,0,"1,123,633",0,0,"5,135","5,135",0,"11,912",0,0,"15,200",0,0,0,"17,200","7,205,000","125,000","3,610","20,535,170","20,538,780",0.1998,0.2673,0,0.0517,0.067,0.5858,0,0,0,0,0,0.052,0.0027,0,0,0,0,0,0.0547,0,0,0.0003,0.0003,0,0.0006,0,0,0.0007,0,0,0,0.0008,0.3508,0.0061,0.0002,0.9998,1,0,24,5,24,Medium,350,1.1
"2010",58,AAB,"43,710","8,690","4,692","22,333",0,"79,425",0,0,0,0,0,0,0,0,0,0,0,0,0,0,0,0,0,0,0,0,0,0,0,0,0,0,0,"5,127","2,348","84,552","86,900",0.503,0.1,0.054,0.257,0,0.914,0,0,0,0,0,0,0,0,0,0,0,0,0,0,0,0,0,0,0,0,0,0,0,0,0,0,0,0.059,0.027,0.973,1,0,24,99,20,Medium,99,1.1
"2010",572,SWA,"352,752","305,149",0,"24,412","275,000","957,312",0,0,0,0,0,0,0,0,0,0,0,"8,000","8,000",0,0,0,0,0,"1,855",0,0,"5,493",0,0,0,0,"229,560","14,449","3,924","1,216,670","1,220,594",0.289,0.25,0,0.02,0.2253,0.7843,0,0,0,0,0,0,0,0,0,0,0,0.0066,0.0066,0,0,0,0,0,0.0015,0,0,0.0045,0,0,0,0,0.1881,0.0118,0.0032,0.9968,1,0,24,7,24,Medium,350,1.1
"2010",571,BOT,"235,097","100,308",80,0,"915,314","1,250,799",0,0,0,0,0,"47,053","2,476",0,0,0,0,0,"49,529",0,0,"1,009","1,009",0,"2,494",217,0,"3,450",0,0,0,100,"425,000","45,000","29,917","1,777,598","1,807,515",0.1301,0.0555,0,0,0.5064,0.692,0,0,0,0,0,0.026,0.0014,0,0,0,0,0,0.0274,0,0,0.0006,0.0006,0,0.0014,0.0001,0,0.0019,0,0,0,0.0001,0.2351,0.0249,0.0166,0.9834,1,0,24,7,20,High,83,1.1
"2010",570,LES,"496,281","1,220,514",0,"102,475","153,681","1,972,951",0,0,0,0,0,0,0,0,0,0,0,"1,600","1,600",0,0,0,0,0,"1,213",0,0,800,0,0,0,0,"105,500","5,800","7,032","2,087,864","2,094,896",0.2369,0.5826,0,0.0489,0.0734,0.9418,0,0,0,0,0,0,0,0,0,0,0,0.0008,0.0008,0,0,0,0,0,0.0006,0,0,0.0004,0,0,0,0,0.0504,0.0028,0.0034,0.9966,1,0,24,7,28,Low,350,1.1
"2010",57,SVG,"28,288","63,544",0,"1,664",0,"93,496",0,0,0,0,0,0,0,0,0,0,0,104,104,0,0,0,0,0,312,0,0,175,0,0,0,0,0,"1,976","7,937","96,063","104,000",0.272,0.611,0,0.016,0,0.899,0,0,0,0,0,0,0,0,0,0,0,0.001,0.001,0,0,0,0,0,0.003,0,0,0.0017,0,0,0,0,0,0.019,0.0763,0.9237,1,0,24,4,20,Medium,1,1.1
"2010",565,NAM,"1,049,122","621,785",0,0,"195,037","1,865,944",0,0,0,"2,466","2,466","9,500",700,0,0,0,0,0,"10,200",0,0,0,0,0,"3,500",0,0,"2,500",0,0,0,0,"215,000","41,443","3,711","2,141,053","2,144,764",0.4892,0.2899,0,0,0.0909,0.87,0,0,0,0.0011,0.0011,0.0044,0.0003,0,0,0,0,0,0.0048,0,0,0,0,0,0.0016,0,0,0.0012,0,0,0,0,0.1002,0.0193,0.0017,0.9983,1,0,24,7,20,Medium,1,1.1
"2010",560,SAF,"12,006,000","3,551,568","30,400","1,900,839","23,000,000","40,488,807",0,0,0,"81,536","81,536","768,950","76,050",0,0,0,0,0,"845,000",0,0,"159,070","159,070",0,"750,331","10,605",0,"21,000",0,"2,001","20,009","33,515","3,980,000","3,200,000","430,214","49,591,874","50,022,088",0.24,0.071,0.0006,0.038,0.4598,0.8094,0,0,0,0.0016,0.0016,0.0154,0.0015,0,0,0,0,0,0.0169,0,0,0.0032,0.0032,0,0.015,0.0002,0,0.0004,0,0,0.0004,0.0007,0.0796,0.064,0.0086,0.9914,1,0,24,5,20,Medium,1,1.1
"2010",56,SLU,"44,116","100,204",0,"2,624","4,239","151,183",0,0,0,0,0,0,0,0,0,0,0,164,164,0,0,0,0,0,492,0,0,0,0,0,0,0,0,"9,676","2,485","161,515","164,000",0.269,0.611,0,0.016,0.0258,0.9218,0,0,0,0,0,0,0,0,0,0,0,0.001,0.001,0,0,0,0,0,0.003,0,0,0,0,0,0,0,0,0.059,0.0152,0.9848,1,0,24,2,8,High,73,1.1
"2010",553,MAW,"4,482,817","3,619,442","4,101","289,214","2,057,026","10,452,600",0,0,0,278,278,"2,050,581","60,353",0,0,0,0,0,"2,110,934",0,0,0,0,0,"32,970",771,0,"35,428",0,0,0,0,"1,733,405","87,882","6,431","14,454,268","14,460,699",0.31,0.2503,0.0003,0.02,0.1422,0.7228,0,0,0,0,0,0.1418,0.0042,0,0,0,0,0,0.146,0,0,0,0,0,0.0023,0.0001,0,0.0024,0,0,0,0,0.1199,0.0061,0.0004,0.9996,1,0,24,8,20,Medium,350,1.1
"2010",552,ZIM,"2,396,453","2,305,000","44,732","564,757","4,650,237","9,961,179",0,0,0,"11,326","11,326","128,311","2,137",0,0,0,0,0,"130,448",0,0,182,182,0,"18,005",0,0,"25,200",0,0,0,389,"1,647,295","311,930","59,339","12,105,955","12,165,294",0.197,0.1895,0.0037,0.0464,0.3823,0.8188,0,0,0,0.0009,0.0009,0.0105,0.0002,0,0,0,0,0,0.0107,0,0,0,0,0,0.0015,0,0,0.0021,0,0,0,0,0.1354,0.0256,0.0049,0.9951,1,0,24,4,7,High,350,1.1
"2010",551,ZAM,"3,816,303","4,625,587","13,088","166,452","2,723,069","11,344,499",0,0,0,"1,682","1,682","65,198","5,926",0,0,0,0,0,"71,124",0,0,"3,912","3,912",0,"65,198",0,0,"145,000",0,0,0,0,"1,367,676","23,431","17,134","13,022,522","13,039,656",0.2927,0.3547,0.001,0.0128,0.2088,0.87,0,0,0,0.0001,0.0001,0.005,0.0005,0,0,0,0,0,0.0055,0,0,0.0003,0.0003,0,0.005,0,0,0.0111,0,0,0,0,0.1049,0.0018,0.0013,0.9987,1,0,24,5,20,Medium,83,1.1
"2010",55,GRN,"23,852","54,209",0,"16,262",0,"94,323",0,0,0,0,0,0,0,0,0,0,0,526,526,0,0,0,0,0,263,0,0,157,0,0,0,0,0,"5,217","7,933","100,486","108,419",0.22,0.5,0,0.15,0,0.87,0,0,0,0,0,0,0,0,0,0,0,0.0049,0.0049,0,0,0,0,0,0.0024,0,0,0.0014,0,0,0,0,0,0.0481,0.0732,0.9268,1,0,24,5,20,Medium,83,1.1
"2010",541,MZM,"4,897,500","5,315,750",747,"126,027",0,"10,340,024",0,0,0,218,218,"5,233,075","87,367",0,0,0,0,0,"5,320,442",0,0,"1,900","1,900",0,"35,165",0,0,"2,686",0,0,0,"4,063","5,850,000","192,300","95,052","21,746,798","21,841,850",0.2242,0.2434,0,0.0058,0,0.4734,0,0,0,0,0,0.2396,0.004,0,0,0,0,0,0.2436,0,0,0.0001,0.0001,0,0.0016,0,0,0.0001,0,0,0,0.0002,0.2678,0.0088,0.0044,0.9956,1,0,24,7,20,Medium,350,1.1
"2010",540,ANG,"4,396,260","11,850,789",0,"37,800","750,000","17,034,849",0,0,0,0,0,0,0,0,0,0,0,"198,750","198,750",0,0,"1,634","1,634",0,0,0,0,"2,064",0,0,0,162,"1,450,000","342,000","84,717","19,029,459","19,114,176",0.23,0.62,0,0.002,0.0392,0.8912,0,0,0,0,0,0,0,0,0,0,0,0.0104,0.0104,0,0,0.0001,0.0001,0,0,0,0,0.0001,0,0,0,0,0.0759,0.0179,0.0044,0.9956,1,0,24,5,20,Medium,83,1.1
"2010",54,DMA,"10,950","56,210",0,0,0,"67,160",0,0,0,0,0,0,0,0,0,0,0,0,0,0,0,0,0,0,0,0,0,0,0,0,0,0,0,"4,380","1,460","71,540","73,000",0.15,0.77,0,0,0,0.92,0,0,0,0,0,0,0,0,0,0,0,0,0,0,0,0,0,0,0,0,0,0,0,0,0,0,0,0.06,0.02,0.98,1,0,24,4,5,High,78,1.1
"2010",531,ERI,"78,516","209,378","2,721,914",0,0,"3,009,808",0,0,0,0,0,"2,100,000",0,0,0,0,0,0,"2,100,000",0,0,0,0,0,"1,047",0,0,"1,419",0,0,0,0,"39,500","66,898","15,778","5,218,672","5,234,450",0.015,0.04,0.52,0,0,0.575,0,0,0,0,0,0.4012,0,0,0,0,0,0,0.4012,0,0,0,0,0,0.0002,0,0,0.0003,0,0,0,0,0.0075,0.0128,0.003,0.997,1,0,24,9,28,Low,83,1.1
"2010",530,ETH,"14,847,378","578,379","34,877,700",694,"350,000","50,654,152",0,0,0,"4,500","4,500","27,906,872","425,893",0,0,0,0,0,"28,332,765",0,0,0,0,0,"6,130",0,0,"22,544",0,0,0,0,"3,100,000","105,200","53,509","82,225,291","82,278,800",0.1805,0.007,0.4239,0,0.0043,0.6156,0,0,0,0.0001,0.0001,0.3392,0.0052,0,0,0,0,0,0.3444,0,0,0,0,0,0.0001,0,0,0.0003,0,0,0,0,0.0377,0.0013,0.0007,0.9993,1,0,24,4,7,High,210,1.1
"2010",53,BAR,"101,335","11,464",0,"72,957",0,"185,756",0,0,0,30,30,0,0,0,0,0,0,"2,300","2,300",0,0,120,120,0,"1,200",0,0,0,0,0,0,0,0,"59,184","40,115","248,590","288,705",0.351,0.0397,0,0.2527,0,0.6434,0,0,0,0.0001,0.0001,0,0,0,0,0,0,0.008,0.008,0,0,0.0004,0.0004,0,0.0042,0,0,0,0,0,0,0,0,0.205,0.1389,0.8611,1,0,124,4,10,Medium,1,1.1
"2010",522,DJI,656,"6,100","5,500",0,0,"12,256",0,0,0,0,0,"860,869",0,0,0,0,0,0,"860,869",0,0,0,0,0,352,0,0,764,0,0,0,0,0,"8,500",202,"882,741","882,943",0.0007,0.0069,0.0062,0,0,0.0139,0,0,0,0,0,0.975,0,0,0,0,0,0,0.975,0,0,0,0,0,0.0004,0,0,0.0009,0,0,0,0,0,0.0096,0.0002,0.9998,1,0,24,5,20,Medium,83,1.1
"2010",520,SOM,"1,819",100,"1,698",220,496,"4,333",0,0,0,0,0,"9,190,389","93,303",0,0,0,0,0,"9,283,692",0,0,0,0,0,"5,225",0,0,"2,678",0,0,0,0,"6,820","4,087","23,510","9,306,835","9,330,345",0.0002,0,0.0002,0,0.0001,0.0005,0,0,0,0,0,0.985,0.01,0,0,0,0,0,0.995,0,0,0,0,0,0.0006,0,0,0.0003,0,0,0,0,0.0007,0.0004,0.0025,0.9975,1,0,24,5,20,Medium,83,1.1
"2010",52,TRI,"365,100","285,670","3,500","75,000",0,"729,270",0,0,0,0,0,0,0,0,0,0,0,"65,700","65,700",0,0,0,0,0,"240,100",0,0,0,0,0,0,0,0,"175,640","94,290","1,210,710","1,305,000",0.2798,0.2189,0.0027,0.0575,0,0.5588,0,0,0,0,0,0,0,0,0,0,0,0.0503,0.0503,0,0,0,0,0,0.184,0,0,0,0,0,0,0,0,0.1346,0.0723,0.9277,1,0,1,4,5,High,81,1.1
"2010",517,RWA,"2,689,553","5,844,606","1,459","482,000","235,250","9,252,868",0,0,0,0,0,"471,085","4,758",0,0,0,0,0,"475,843",0,0,0,0,0,517,0,0,"19,034",0,0,0,0,"422,312","36,200","137,662","10,206,774","10,344,436",0.26,0.565,0.0001,0.0466,0.0227,0.8945,0,0,0,0,0,0.0455,0.0005,0,0,0,0,0,0.046,0,0,0,0,0,0,0,0,0.0018,0,0,0,0,0.0408,0.0035,0.0133,0.9867,1,0,24,5,20,Medium,83,1.1
"2010",516,BUI,"1,839,366","5,277,432","1,900","325,000","197,689","7,641,386",0,0,0,0,0,"206,284","8,595",0,0,0,0,0,"214,879",0,0,0,0,0,"7,220",0,0,"6,953",0,0,0,0,"695,000","22,000","7,728","8,587,438","8,595,166",0.214,0.614,0.0002,0.0378,0.023,0.889,0,0,0,0,0,0.024,0.001,0,0,0,0,0,0.025,0,0,0,0,0,0.0008,0,0,0.0008,0,0,0,0,0.0809,0.0026,0.0009,0.9991,1,0,24,5,20,Medium,350,1.1
"2010",510,TAZ,"5,939,526","9,448,823","9,676","3,146,249","2,030,228","20,574,501",0,0,0,0,0,"13,736,844","1,768,358",0,0,0,0,0,"15,505,201",0,0,"9,777","9,777",130,"322,500","12,921",0,"125,000",0,"9,432",0,"22,784","5,895,000","385,000","207,757","42,862,247","43,070,004",0.1379,0.2194,0.0002,0.073,0.0471,0.4777,0,0,0,0,0,0.3189,0.0411,0,0,0,0,0,0.36,0,0,0.0002,0.0002,0,0.0075,0.0003,0,0.0029,0,0.0002,0,0.0005,0.1369,0.0089,0.0048,0.9952,1,0,24,5,20,Medium,202,1.1
"2010",51,JAM,"1,736,000","58,000",0,"75,000","105,000","1,974,000",0,0,0,531,531,0,0,0,0,0,0,"1,513","1,513",0,0,322,322,0,"15,961",0,0,209,0,0,0,0,0,"572,000","304,094","2,564,536","2,868,630",0.6052,0.0202,0,0.0261,0.0366,0.6881,0,0,0,0.0002,0.0002,0,0,0,0,0,0,0.0005,0.0005,0,0,0.0001,0.0001,0,0.0056,0,0,0.0001,0,0,0,0,0,0.1994,0.106,0.894,1,0,1,80,5,High,80,1.1
"2010",501,KEN,"12,524,979","11,250,000","401,871","5,130,000","3,095,796","32,402,646",0,0,0,"1,300","1,300","3,988,185","209,904",0,0,0,0,0,"4,198,090",0,0,"1,266","1,266",804,"175,000","42,500",0,"250,000",0,"77,561",0,"1,929","2,859,459","133,500","43,053","40,144,055","40,187,108",0.3117,0.2799,0.01,0.1277,0.077,0.8063,0,0,0,0,0,0.0992,0.0052,0,0,0,0,0,0.1045,0,0,0,0,0,0.0044,0.0011,0,0.0062,0,0.0019,0,0,0.0712,0.0033,0.0011,0.9989,1,0,24,5,24,Medium,202,1.1
"2010",500,UGA,"2,645,114","12,450,000","29,330","9,522,412","1,275,000","25,921,856",0,0,0,"2,000","2,000","3,565,532","168,746",0,0,0,0,0,"3,734,278",0,0,"2,005","2,005",0,"182,000","1,556",0,"50,000",0,"2,863",0,"3,983","1,050,000","133,345","35,110","31,083,886","31,118,996",0.085,0.4001,0.0009,0.306,0.041,0.833,0,0,0,0.0001,0.0001,0.1146,0.0054,0,0,0,0,0,0.12,0,0,0.0001,0.0001,0,0.0058,0.0001,0,0.0016,0,0.0001,0,0.0001,0.0337,0.0043,0.0011,0.9989,1,0,24,4,7,High,83,1.1
"2010",490,DRC,"21,716,851","33,932,580","12,600","678,652","6,786,516","63,127,199",0,0,0,407,407,"882,247",0,0,0,0,0,0,"882,247",0,0,"3,841","3,841",0,"95,000",0,0,"200,000",0,0,0,0,"3,200,000","345,000","11,466","67,853,694","67,865,160",0.32,0.5,0.0002,0.01,0.1,0.9302,0,0,0,0,0,0.013,0,0,0,0,0,0,0.013,0,0,0.0001,0.0001,0,0.0014,0,0,0.0029,0,0,0,0,0.0472,0.0051,0.0002,0.9998,1,0,24,5,20,Medium,83,1.1
"2010",484,CON,"655,027","1,947,994",645,0,"625,000","3,228,666",0,0,0,0,0,"75,200","2,200",0,0,0,0,0,"77,400",0,0,172,172,0,0,0,0,"25,628",0,0,0,280,"210,000","295,000","167,160","3,837,146","4,004,306",0.1636,0.4865,0.0002,0,0.1561,0.8063,0,0,0,0,0,0.0188,0.0005,0,0,0,0,0,0.0193,0,0,0,0,0,0,0,0,0.0064,0,0,0,0.0001,0.0524,0.0737,0.0417,0.9583,1,0,24,5,20,Medium,83,1.1
"2010",483,CHA,"1,558,219","1,682,398",0,0,"668,853","3,909,470",0,0,0,0,0,"6,209,287","137,945",0,0,0,0,0,"6,347,232",0,0,"1,771","1,771",0,0,0,0,"22,955",0,0,0,"3,771","1,150,730","28,900","34,254","11,464,829","11,499,083",0.1355,0.1463,0,0,0.0582,0.34,0,0,0,0,0,0.54,0.012,0,0,0,0,0,0.552,0,0,0.0002,0.0002,0,0,0,0,0.002,0,0,0,0.0003,0.1001,0.0025,0.003,0.997,1,0,24,5,20,Medium,83,1.1
"2010",482,CEN,"829,432","1,052,741",0,0,"333,132","2,215,305",0,0,0,0,0,"634,874","40,523",0,0,0,0,0,"675,397",0,0,0,0,0,0,0,0,"10,000",0,0,0,0,"1,530,902","56,000","15,050","4,487,604","4,502,654",0.1842,0.2338,0,0,0.074,0.492,0,0,0,0,0,0.141,0.009,0,0,0,0,0,0.15,0,0,0,0,0,0,0,0,0.0022,0,0,0,0,0.34,0.0124,0.0033,0.9967,1,0,24,5,20,Medium,1,1.1
"2010",481,GAB,"198,200","631,887",0,0,"217,665","1,047,752",0,0,0,0,0,"203,321","7,011",0,0,0,0,0,"210,332",0,0,0,0,0,0,0,0,564,0,0,0,0,"117,561","22,500","3,505","1,398,709","1,402,214",0.1413,0.4506,0,0,0.1552,0.7472,0,0,0,0,0,0.145,0.005,0,0,0,0,0,0.15,0,0,0,0,0,0,0,0,0.0004,0,0,0,0,0.0838,0.016,0.0025,0.9975,1,0,24,5,20,Medium,350,1.1
"2010",475,NIG,"18,448,759","16,911,362","37,353","14,941,021","14,387,880","64,726,375",0,0,0,100,100,"71,349,687","6,934,969",0,0,0,0,0,"78,284,656",0,0,"8,229","8,229",0,0,0,0,"30,000",0,0,0,"4,546","10,302,000","484,129","270,381","153,840,035","154,110,416",0.1197,0.1097,0.0002,0.097,0.0934,0.42,0,0,0,0,0,0.463,0.045,0,0,0,0,0,0.508,0,0,0.0001,0.0001,0,0,0,0,0.0002,0,0,0,0,0.0668,0.0031,0.0018,0.9982,1,0,24,5,20,Medium,350,1.1
"2010",471,CAO,"4,684,592","5,183,892",0,0,0,"9,868,484",0,0,0,0,0,"4,265,362",0,0,0,0,0,0,"4,265,362",0,0,359,359,0,0,0,0,"38,200",0,0,0,765,"5,576,888","145,090","34,816","19,895,148","19,929,964",0.2351,0.2601,0,0,0,0.4952,0,0,0,0,0,0.214,0,0,0,0,0,0,0.214,0,0,0,0,0,0,0,0,0.0019,0,0,0,0,0.2798,0.0073,0.0017,0.9983,1,0,24,5,20,Medium,350,1.1
"2010",461,TOG,"582,752","1,631,708",0,0,"582,752","2,797,212",0,0,0,0,0,"815,854",0,0,0,0,0,0,"815,854",0,0,0,0,0,0,0,0,"25,000",0,0,0,0,"2,156,185","14,365","18,913","5,808,616","5,827,529",0.1,0.28,0,0,0.1,0.48,0,0,0,0,0,0.14,0,0,0,0,0,0,0.14,0,0,0,0,0,0,0,0,0.0043,0,0,0,0,0.37,0.0025,0.0032,0.9968,1,0,24,4,7,High,83,1.1
"2010",452,GHA,"11,000,000","3,143,640",0,0,"2,735,686","16,879,326",0,0,0,0,0,"3,667,789","555,726",0,0,0,0,0,"4,223,515",0,0,0,0,0,0,0,0,0,0,0,0,0,"1,271,854","1,439,835","182,722","23,814,530","23,997,252",0.4584,0.131,0,0,0.114,0.7034,0,0,0,0,0,0.1528,0.0232,0,0,0,0,0,0.176,0,0,0,0,0,0,0,0,0,0,0,0,0,0.053,0.06,0.0076,0.9924,1,0,24,4,7,High,208,1.1
"2010",451,SIE,"487,547","441,898",0,"79,012","160,789","1,169,246",0,0,0,0,0,"3,304,455","92,089",0,0,0,0,0,"3,396,544",0,0,0,0,0,"3,000",0,0,"4,500",0,0,0,0,"1,457,603","75,086","33,295","6,105,979","6,139,274",0.0794,0.072,0,0.0129,0.0262,0.1905,0,0,0,0,0,0.5382,0.015,0,0,0,0,0,0.5532,0,0,0,0,0,0.0005,0,0,0.0007,0,0,0,0,0.2374,0.0122,0.0054,0.9946,1,1,24,5,20,Medium,83,1.1
"2010",450,LBR,"1,182,650","397,491",0,"98,486","1,863,613","3,542,240",0,0,0,0,0,"458,824","10,094",0,0,0,0,0,"468,918",0,0,0,0,0,0,0,0,"4,167",0,0,0,0,"110,000","41,673",346,"4,166,998","4,167,344",0.2838,0.0954,0,0.0236,0.4472,0.85,0,0,0,0,0,0.1101,0.0024,0,0,0,0,0,0.1125,0,0,0,0,0,0,0,0,0.001,0,0,0,0,0.0264,0.01,0.0001,0.9999,1,0,24,5,20,Medium,83,1.1
"2010",439,BFO,"779,198","3,740,152",0,0,"55,000","4,574,351",0,0,0,0,0,"8,882,862","140,256",0,0,0,0,0,"9,023,117",0,0,0,0,0,0,0,0,"1,950",0,0,0,0,"1,901,244","78,188","5,118","15,578,850","15,583,968",0.05,0.24,0,0,0.0035,0.2935,0,0,0,0,0,0.57,0.009,0,0,0,0,0,0.579,0,0,0,0,0,0,0,0,0.0001,0,0,0,0,0.122,0.005,0.0003,0.9997,1,0,24,5,20,Medium,350,1.1
"2010",438,GUI,"222,265","414,648",0,"5,588","176,586","819,087",0,0,0,0,0,"8,620,923","81,909",0,0,0,0,0,"8,702,832",0,0,"9,000","9,000",0,0,0,0,154,0,0,0,0,"675,000","19,259","13,295","10,225,332","10,238,627",0.0217,0.0405,0,0.0005,0.0172,0.08,0,0,0,0,0,0.842,0.008,0,0,0,0,0,0.85,0,0,0.0009,0.0009,0,0,0,0,0,0,0,0,0,0.0659,0.0019,0.0013,0.9987,1,0,24,5,20,Medium,1,1.1
"2010",437,CDI,"1,517,432","5,930,196","50,028",0,"531,680","8,029,336",0,0,0,0,0,"7,868,751","80,293",0,0,0,0,"80,293","8,029,337",0,0,"10,706","10,706",0,"1,713",0,0,"32,974",0,0,0,0,"5,138,776","124,000","44,726","21,366,842","21,411,568",0.0709,0.277,0.0023,0,0.0248,0.375,0,0,0,0,0,0.3675,0.0037,0,0,0,0,0.0037,0.375,0,0,0.0005,0.0005,0,0.0001,0,0,0.0015,0,0,0,0,0.24,0.0058,0.0021,0.9979,1,0,24,5,24,Medium,83,1.1
"2010",436,NIR,"113,153","231,233",0,0,"240,162","584,548",0,0,0,0,0,"13,714,412",0,0,0,0,0,0,"13,714,412",0,0,0,0,0,0,"3,582",0,"4,500",0,0,0,0,"605,000","15,200","61,187","14,927,242","14,988,429",0.0075,0.0154,0,0,0.016,0.039,0,0,0,0,0,0.915,0,0,0,0,0,0,0.915,0,0,0,0,0,0,0.0002,0,0.0003,0,0,0,0,0.0404,0.001,0.0041,0.9959,1,0,24,5,24,Medium,83,1.1
"2010",435,MAA,957,"4,802",0,"1,053","1,906","8,718",0,0,0,0,0,"3,212,166",0,0,0,0,0,0,"3,212,166",0,0,0,0,0,0,0,0,331,0,0,0,0,"17,220","3,560","69,517","3,241,995","3,311,512",0.0003,0.0015,0,0.0003,0.0006,0.0026,0,0,0,0,0,0.97,0,0,0,0,0,0,0.97,0,0,0,0,0,0,0,0,0.0001,0,0,0,0,0.0052,0.0011,0.021,0.979,1,0,24,5,24,Medium,83,1.1
"2010",434,BEN,"735,000","2,145,000","8,906","3,488","622,000","3,514,394",0,0,0,0,0,"2,304,686","21,029",0,0,0,0,0,"2,325,715",0,0,0,0,0,0,0,0,"2,458",0,0,0,0,"2,495,000","293,352","155,077","8,630,919","8,785,996",0.0837,0.2441,0.001,0.0004,0.0708,0.4,0,0,0,0,0,0.2623,0.0024,0,0,0,0,0,0.2647,0,0,0,0,0,0,0,0,0.0003,0,0,0,0,0.284,0.0334,0.0177,0.9823,1,0,24,5,20,Medium,202,1.1
"2010",433,SEN,"21,278","400,067",0,0,0,"421,345",0,0,0,0,0,"11,221,712","124,357",0,0,0,0,0,"11,346,069",0,0,"1,631","1,631",0,0,0,0,"23,201",0,0,0,387,"241,681","20,144","29,640","12,054,458","12,084,098",0.0018,0.0331,0,0,0,0.0349,0,0,0,0,0,0.9286,0.0103,0,0,0,0,0,0.9389,0,0,0.0001,0.0001,0,0,0,0,0.0019,0,0,0,0,0.02,0.0017,0.0025,0.9975,1,0,24,5,10,Medium,350,1.1
"2010",432,MLI,"92,809","314,259",0,0,0,"407,068",0,0,0,0,0,"12,619,133","135,689",0,0,0,0,0,"12,754,822",0,0,0,0,0,0,0,0,750,0,0,0,0,"379,930","25,200","1,191","13,567,770","13,568,961",0.0068,0.0232,0,0,0,0.03,0,0,0,0,0,0.93,0.01,0,0,0,0,0,0.94,0,0,0,0,0,0,0,0,0.0001,0,0,0,0,0.028,0.0019,0.0001,0.9999,1,0,24,4,7,High,1,1.1
"2010",420,GAM,"12,500","56,240",980,"5,200",0,"74,920",0,0,0,0,0,"1,531,158","17,204",0,0,0,0,0,"1,548,362",0,0,0,0,0,279,0,0,"9,200",0,0,0,0,"75,000","8,900","3,742","1,716,661","1,720,403",0.0073,0.0327,0.0006,0.003,0,0.0435,0,0,0,0,0,0.89,0.01,0,0,0,0,0,0.9,0,0,0,0,0,0.0002,0,0,0.0053,0,0,0,0,0.0436,0.0052,0.0022,0.9978,1,0,24,5,20,Medium,1,1.1
"2010",42,DOM,"1,493,497","7,168,786",0,0,0,"8,662,283",0,0,0,100,100,0,0,0,0,0,0,0,0,0,0,0,0,0,0,0,0,0,0,0,0,0,0,"1,194,797","99,468","9,857,180","9,956,648",0.15,0.72,0,0,0,0.87,0,0,0,0,0,0,0,0,0,0,0,0,0,0,0,0,0,0,0,0,0,0,0,0,0,0,0,0.12,0.01,0.99,1,0,123,8,24,Medium,78,1.1
"2010",411,EQG,"34,914","588,000",0,0,0,"622,914",0,0,0,0,0,"27,500",0,0,0,0,0,0,"27,500",0,0,0,0,0,349,0,0,"3,575",0,0,0,0,"12,011","24,000","7,946","690,349","698,295",0.05,0.8421,0,0,0,0.892,0,0,0,0,0,0.0394,0,0,0,0,0,0,0.0394,0,0,0,0,0,0.0005,0,0,0.0051,0,0,0,0,0.0172,0.0344,0.0114,0.9886,1,0,24,5,20,Medium,83,1.1
"2010",41,HAI,"976,083","7,027,799",0,0,0,"8,003,882",0,0,0,120,120,0,0,0,0,0,0,"1,750","1,750",0,0,0,0,0,0,0,0,"8,527",0,0,0,"4,392,374",0,"976,083",0,"13,382,736","9,760,832",0.1,0.72,0,0,0,0.82,0,0,0,0,0,0,0,0,0,0,0,0.0002,0.0002,0,0,0,0,0,0,0,0,0.0009,0,0,0,0.45,0,0.1,0,1.3711,1.3711,1,24,5,10,Medium,1,1.1
"2010",404,GNB,"12,119","126,500",0,229,"22,000","160,848",0,0,0,0,0,"575,000","14,777",0,0,0,0,0,"589,777",0,0,0,0,0,0,0,0,260,0,0,0,0,"702,000","24,000",899,"1,476,885","1,477,784",0.0082,0.0856,0,0.0002,0.0149,0.1088,0,0,0,0,0,0.3891,0.01,0,0,0,0,0,0.3991,0,0,0,0,0,0,0,0,0.0002,0,0,0,0,0.475,0.0162,0.0006,0.9994,1,0,24,5,20,Medium,83,1.1
"2010",403,STP,"16,291","135,219",0,0,"2,300","153,810",0,0,0,0,0,0,0,0,0,0,0,"2,443","2,443",0,0,0,0,0,0,0,0,"3,877",0,0,0,0,389,"2,020",376,"162,539","162,915",0.1,0.83,0,0,0.0141,0.9441,0,0,0,0,0,0,0,0,0,0,0,0.015,0.015,0,0,0,0,0,0,0,0,0.0238,0,0,0,0,0.0024,0.0124,0.0023,0.9977,1,0,24,5,20,Medium,83,1.1
"2010",402,CAP,"21,020","422,000",0,0,"7,200","450,220",0,0,0,0,0,"14,200","1,000",0,0,0,0,0,"15,200",0,0,0,0,0,0,0,0,0,0,0,0,0,611,"8,500",469,"474,531","475,000",0.0443,0.8884,0,0,0.0152,0.9478,0,0,0,0,0,0.0299,0.0021,0,0,0,0,0,0.032,0,0,0,0,0,0,0,0,0,0,0,0,0,0.0013,0.0179,0.001,0.999,1,0,24,8,20,Medium,202,1.1
"2010",40,CUB,"550,000","6,744,696",0,0,"112,411","7,407,107",0,0,0,"1,500","1,500",0,0,0,0,0,0,"8,000","8,000",0,0,0,0,0,"25,000",0,0,0,0,0,0,"5,620,580",0,"1,478,290",0,"14,540,477","11,241,161",0.0489,0.6,0,0,0.01,0.6589,0,0,0,0.0001,0.0001,0,0,0,0,0,0,0.0007,0.0007,0,0,0,0,0,0.0022,0,0,0,0,0,0,0.5,0,0.1315,0,1.2935,1.2935,1,24,10,20,Medium,78,1.1
"2010",395,ICE,"275,000","9,647",709,0,"4,707","290,063",0,0,0,0,0,0,0,0,0,0,0,"1,589","1,589",0,0,"1,087","1,087",0,0,0,0,396,0,0,0,0,"1,398","10,309","11,979","304,842","316,821",0.868,0.0304,0.0022,0,0.0149,0.9155,0,0,0,0,0,0,0,0,0,0,0,0.005,0.005,0,0,0.0034,0.0034,0,0,0,0,0.0012,0,0,0,0,0.0044,0.0325,0.0378,0.9622,1,0,24,4,5,High,154,1.1
"2010",390,DEN,"4,481,602","37,964",799,0,"6,872","4,527,237",0,0,0,"2,153","2,153","215,000","7,000",0,0,0,0,0,"222,000",0,0,"4,487","4,487",0,206,0,0,349,0,0,0,0,619,"560,000","222,583","5,317,051","5,539,634",0.809,0.0069,0.0001,0,0.0012,0.8172,0,0,0,0.0004,0.0004,0.0388,0.0013,0,0,0,0,0,0.0401,0,0,0.0008,0.0008,0,0,0,0,0.0001,0,0,0,0,0.0001,0.1011,0.0402,0.9598,1,0,24,4,7,High,155,1.1
"2010",385,NOR,"3,939,303","67,342",0,0,"97,078","4,103,723",0,0,0,823,823,"99,500",0,0,0,0,0,0,"99,500",0,0,"13,450","13,450",0,"5,203","1,042",0,"1,017",0,0,0,0,0,"540,000","120,324","4,764,758","4,885,082",0.8064,0.0138,0,0,0.0199,0.8401,0,0,0,0.0002,0.0002,0.0204,0,0,0,0,0,0,0.0204,0,0,0.0028,0.0028,0,0.0011,0.0002,0,0.0002,0,0,0,0,0,0.1105,0.0246,0.9754,1,0,24,4,8,High,151,1.1
"2010",380,SWD,"6,377,734","187,580","120,000",0,"448,500","7,133,814",0,0,0,"19,781","19,781","562,741",0,0,0,0,0,0,"562,741",0,0,0,0,0,0,0,0,0,0,0,0,0,0,"1,500,643","162,043","9,216,979","9,379,022",0.68,0.02,0.0128,0,0.0478,0.7606,0,0,0,0.0021,0.0021,0.06,0,0,0,0,0,0,0.06,0,0,0,0,0,0,0,0,0,0,0,0,0,0,0.16,0.0173,0.9827,1,0,24,7,20,Medium,83,1.1
"2010",375,FIN,"4,199,939",0,"59,002",0,0,"4,258,941",0,0,0,"1,277","1,277",0,0,0,0,0,0,"24,245","24,245",0,0,"4,988","4,988",0,0,0,0,"1,674",0,0,0,"3,991",0,"890,650","178,142","5,185,766","5,363,908",0.783,0,0.011,0,0,0.794,0,0,0,0.0002,0.0002,0,0,0,0,0,0,0.0045,0.0045,0,0,0.0009,0.0009,0,0,0,0,0.0003,0,0,0,0.0007,0,0.166,0.0332,0.9668,1,0,24,5,7,High,150,1.1
"2010",373,AZE,"3,200",0,"215,000",0,0,"218,200",0,0,0,"8,000","8,000","1,289,285","7,305,949",0,0,0,0,0,"8,595,234",0,0,0,0,0,0,0,0,0,0,0,0,0,0,"175,000","51,181","8,996,434","9,047,615",0.0004,0,0.0238,0,0,0.0241,0,0,0,0.0009,0.0009,0.1425,0.8075,0,0,0,0,0,0.95,0,0,0,0,0,0,0,0,0,0,0,0,0,0,0.0193,0.0057,0.9943,1,0,24,5,8,Medium,149,1.1
"2010",372,GRG,"60,401","31,977","3,432,208",0,"28,424","3,553,010",0,0,0,"12,000","12,000","440,787",0,0,0,0,0,0,"440,787",0,0,0,0,0,0,0,0,0,0,0,0,0,"22,261","390,000","34,336","4,418,058","4,452,394",0.0136,0.0072,0.7709,0,0.0064,0.798,0,0,0,0.0027,0.0027,0.099,0,0,0,0,0,0,0.099,0,0,0,0,0,0,0,0,0,0,0,0,0,0.005,0.0876,0.0077,0.9923,1,0,234,4,28,Low,102,1.1
"2010",371,ARM,0,0,"3,073,754",0,"12,900","3,086,654",0,0,0,565,565,0,0,0,0,0,0,"1,000","1,000",0,0,0,0,0,0,0,0,0,0,0,0,"42,195",0,"112,300","3,067","3,242,714","3,245,781",0,0,0.947,0,0.004,0.951,0,0,0,0.0002,0.0002,0,0,0,0,0,0,0.0003,0.0003,0,0,0,0,0,0,0,0,0,0,0,0,0.013,0,0.0346,0.0009,0.9991,1,0,24,4,7,High,144,1.1
"2010",370,BLR,"111,798","670,788","4,611,671",0,0,"5,394,257",0,0,0,"12,000","12,000",0,0,0,0,0,0,"19,000","19,000",0,0,0,0,0,0,0,0,0,0,0,0,0,0,"3,900,595","164,648","9,325,852","9,490,500",0.0118,0.0707,0.4859,0,0,0.5684,0,0,0,0.0013,0.0013,0,0,0,0,0,0,0.002,0.002,0,0,0,0,0,0,0,0,0,0,0,0,0,0,0.411,0.0173,0.9827,1,0,24,4,10,High,143,1.1
"2010",369,UKR,"874,104","184,021","34,826,145",0,"3,312,394","39,196,664",0,0,0,"67,000","67,000","456,000",0,0,0,0,0,0,"456,000",0,0,"46,005","46,005",0,0,0,0,0,0,0,0,0,0,"6,200,000","39,807","45,965,669","46,005,476",0.019,0.004,0.757,0,0.072,0.852,0,0,0,0.0015,0.0015,0.0099,0,0,0,0,0,0,0.0099,0,0,0.001,0.001,0,0,0,0,0,0,0,0,0,0,0.1348,0.0009,0.9991,1,0,24,5,20,Medium,141,1.1
"2010",368,LIT,"27,397","2,564,874","162,836",0,0,"2,755,107",0,0,0,"6,000","6,000","2,727",0,0,0,0,0,0,"2,727",0,0,0,0,0,0,0,0,0,0,0,0,0,0,"505,000","52,198","3,268,834","3,321,032",0.0082,0.7723,0.049,0,0,0.8296,0,0,0,0.0018,0.0018,0.0008,0,0,0,0,0,0,0.0008,0,0,0,0,0,0,0,0,0,0,0,0,0,0,0.1521,0.0157,0.9843,1,0,24,4,7,High,139,1.1
"2010",367,LAT,"787,002","541,646","438,210",54,"5,457","1,772,369",0,0,0,"6,000","6,000",320,0,0,0,0,0,0,320,0,0,167,167,0,205,0,0,45,0,0,0,0,0,"450,000","13,712","2,229,106","2,242,818",0.3509,0.2415,0.1954,0,0.0024,0.7902,0,0,0,0.0027,0.0027,0.0001,0,0,0,0,0,0,0.0001,0,0,0.0001,0.0001,0,0.0001,0,0,0,0,0,0,0,0,0.2006,0.0061,0.9939,1,0,24,4,10,High,138,1.1
"2010",366,EST,"149,306","5,510","220,199",36,"5,090","380,141",0,0,0,"1,700","1,700","2,000",0,0,0,0,0,0,"2,000",0,0,"1,401","1,401",0,361,19,0,59,176,0,0,73,"4,902","925,000","24,142","1,315,832","1,339,974",0.1114,0.0041,0.1643,0,0.0038,0.2837,0,0,0,0.0013,0.0013,0.0015,0,0,0,0,0,0,0.0015,0,0,0.001,0.001,0,0.0003,0,0,0,0.0001,0,0,0.0001,0.0037,0.6903,0.018,0.982,1,0,1,4,7,High,136,1.1
"2010",365,RUS,"2,096,758","1,100,798","102,500,000",0,0,"105,697,556",0,0,0,"194,000","194,000","16,482,000",0,0,0,0,0,0,"16,482,000",0,0,0,0,0,0,0,0,0,0,0,0,0,0,"20,000,000","26,444","142,373,556","142,400,000",0.0147,0.0077,0.7198,0,0,0.7423,0,0,0,0.0014,0.0014,0.1157,0,0,0,0,0,0,0.1157,0,0,0,0,0,0,0,0,0,0,0,0,0,0,0.1404,0.0002,0.9998,1,0,24,8,20,Medium,135,1.1
"2010",360,ROM,"1,319,965","978,310","18,601,247",0,0,"20,899,522",0,0,0,"9,500","9,500","85,000",0,0,0,0,0,0,"85,000",0,0,0,0,0,0,0,0,0,0,0,0,0,0,"350,000","89,160","21,344,022","21,433,182",0.0616,0.0456,0.8679,0,0,0.9751,0,0,0,0.0004,0.0004,0.004,0,0,0,0,0,0,0.004,0,0,0,0,0,0,0,0,0,0,0,0,0,0,0.0163,0.0042,0.9958,1,0,24,4,7,High,133,1.1
"2010",359,MLD,"100,000","95,500","2,730,000",0,0,"2,925,500",0,0,0,"3,900","3,900","128,238",0,0,0,0,0,0,"128,238",0,0,0,0,0,0,0,0,0,0,0,0,0,"3,562","500,000",958,"3,561,200","3,562,158",0.0281,0.0268,0.7664,0,0,0.8213,0,0,0,0.0011,0.0011,0.036,0,0,0,0,0,0,0.036,0,0,0,0,0,0,0,0,0,0,0,0,0,0.001,0.1404,0.0003,0.9997,1,0,24,5,20,Medium,83,1.1
"2010",355,BUL,"42,000","64,119","6,100,000",0,0,"6,206,119",0,0,0,"2,000","2,000","920,000","52,000",0,0,0,0,0,"972,000",0,0,0,0,0,0,0,0,0,0,0,0,0,0,"356,674","6,764","7,536,793","7,543,557",0.0056,0.0085,0.8086,0,0,0.8227,0,0,0,0.0003,0.0003,0.122,0.0069,0,0,0,0,0,0.1289,0,0,0,0,0,0,0,0,0,0,0,0,0,0,0.0473,0.0009,0.9991,1,0,24,4,7,High,130,1.1
"2010",352,CYP,0,"14,481","575,000","4,683","12,510","606,674",0,0,0,147,147,"164,999",0,0,0,0,0,0,"164,999",0,0,0,0,0,0,0,0,0,0,0,0,0,0,"26,056","16,082","797,876","813,958",0,0.0178,0.7064,0.0058,0.0154,0.7453,0,0,0,0.0002,0.0002,0.2027,0,0,0,0,0,0,0.2027,0,0,0,0,0,0,0,0,0,0,0,0,0,0,0.032,0.0198,0.9802,1,0,24,9,30,Low,102,1.1
"2010",350,GRC,"81,979","50,969","10,550,000",0,0,"10,682,948",0,0,0,"5,648","5,648","240,000","32,000",0,0,0,0,0,"272,000",0,0,0,0,0,0,0,0,0,0,0,0,0,0,"295,000","63,692","11,255,596","11,319,288",0.0072,0.0045,0.932,0,0,0.9438,0,0,0,0.0005,0.0005,0.0212,0.0028,0,0,0,0,0,0.024,0,0,0,0,0,0,0,0,0,0,0,0,0,0,0.0261,0.0056,0.9944,1,0,24,5,10,Medium,83,1.1
"2010",349,SLV,"20,537","1,314,376","41,074",0,0,"1,375,987",0,0,0,205,205,"61,611",0,0,0,0,0,0,"61,611",0,0,0,0,0,0,0,0,0,0,0,0,0,0,"492,891","123,020","1,930,694","2,053,714",0.01,0.64,0.02,0,0,0.67,0,0,0,0.0001,0.0001,0.03,0,0,0,0,0,0,0.03,0,0,0,0,0,0,0,0,0,0,0,0,0,0,0.24,0.0599,0.9401,1,0,24,8,20,Medium,106,1.1
"2010",347,KOS,0,"38,306","25,748",0,0,"64,054",0,0,0,0,0,0,0,0,0,0,0,"1,657,720","1,657,720",0,0,0,0,0,0,0,0,0,0,0,0,0,0,"10,238","1,860","1,732,012","1,733,872",0,0.0221,0.0149,0,0,0.0369,0,0,0,0,0,0,0,0,0,0,0,0.9561,0.9561,0,0,0,0,0,0,0,0,0,0,0,0,0,0,0.0059,0.0011,0.9989,1,0,24,4,7,High,126,1.1
"2010",346,BOS,"38,237","573,569","1,376,566",0,0,"1,988,372",0,0,0,"1,019","1,019","1,720,707",0,0,0,0,0,0,"1,720,707",0,0,0,0,0,0,0,0,0,0,0,0,0,0,"112,000","1,697","3,822,098","3,823,795",0.01,0.15,0.36,0,0,0.52,0,0,0,0.0003,0.0003,0.45,0,0,0,0,0,0,0.45,0,0,0,0,0,0,0,0,0,0,0,0,0,0,0.0293,0.0004,0.9996,1,0,24,5,10,Medium,83,1.1
"2010",345,YUG,"72,336","362,228","6,169,170",0,"49,007","6,652,741",0,0,0,586,586,"192,200","33,917",0,0,0,0,0,"226,117",0,0,0,0,0,0,0,0,0,0,0,0,0,0,"385,000","28,546","7,264,444","7,292,990",0.0099,0.0497,0.8459,0,0.0067,0.9122,0,0,0,0.0001,0.0001,0.0264,0.0047,0,0,0,0,0,0.031,0,0,0,0,0,0,0,0,0,0,0,0,0,0,0.0528,0.0039,0.9961,1,0,24,4,5,High,125,1.1
"2010",344,CRO,"15,129","3,817,311","196,323",0,"13,382","4,042,145",0,0,0,553,553,"65,023",0,0,0,0,0,0,"65,023",0,0,0,0,0,0,0,0,0,0,0,0,0,0,"250,000","66,440","4,357,721","4,424,161",0.0034,0.8628,0.0444,0,0.003,0.9137,0,0,0,0.0001,0.0001,0.0147,0,0,0,0,0,0,0.0147,0,0,0,0,0,0,0,0,0,0,0,0,0,0,0.0565,0.015,0.985,1,0,24,4,7,High,124,1.1
"2010",343,MAC,"5,248","39,363","1,266,197",0,0,"1,310,808",0,0,0,0,0,"703,363",0,0,0,0,0,0,"703,363",0,0,0,0,0,0,0,0,0,0,0,0,0,0,"39,075","3,371","2,053,246","2,056,617",0.0026,0.0191,0.6157,0,0,0.6374,0,0,0,0,0,0.342,0,0,0,0,0,0,0.342,0,0,0,0,0,0,0,0,0,0,0,0,0,0,0.019,0.0016,0.9984,1,0,24,5,20,Medium,102,1.1
"2010",341,MNG,"1,200","21,624","453,696",0,"1,482","478,002",0,0,0,0,0,0,0,0,0,0,0,"120,289","120,289",0,0,119,119,0,0,0,0,0,0,0,0,0,0,"28,400","2,707","626,810","629,517",0.0019,0.0344,0.7207,0,0.0024,0.7593,0,0,0,0,0,0,0,0,0,0,0,0.1911,0.1911,0,0,0.0002,0.0002,0,0,0,0,0,0,0,0,0,0,0.0451,0.0043,0.9957,1,0,24,4,7,High,122,1.1
"2010",339,ALB,0,"419,535","223,686",0,"42,000","685,221",0,0,0,0,0,"1,917,315","95,865",0,0,0,0,0,"2,013,180",0,0,0,0,0,0,0,0,"7,000",0,0,0,0,0,"481,586","8,538","3,186,987","3,195,525",0,0.1313,0.07,0,0.0131,0.2144,0,0,0,0,0,0.6,0.03,0,0,0,0,0,0.63,0,0,0,0,0,0,0,0,0.0022,0,0,0,0,0,0.1507,0.0027,0.9973,1,0,1,4,7,High,121,1.1
"2010",338,MLT,"4,129","396,394",119,991,0,"401,633",0,0,0,60,60,0,0,0,0,0,0,"4,122","4,122",0,0,0,0,0,0,0,0,220,0,0,0,0,0,"6,200",676,"412,235","412,911",0.01,0.96,0.0003,0.0024,0,0.9727,0,0,0,0.0001,0.0001,0,0,0,0,0,0,0.01,0.01,0,0,0,0,0,0,0,0,0.0005,0,0,0,0,0,0.015,0.0016,0.9984,1,0,24,4,7,High,128,1.1
"2010",331,SNM,0,"27,038",0,0,"1,050","28,088",0,0,0,0,0,0,0,0,0,0,0,6,6,0,0,0,0,0,0,0,0,296,0,0,0,0,0,"3,450",704,"31,840","32,544",0,0.8308,0,0,0.0323,0.8631,0,0,0,0,0,0,0,0,0,0,0,0.0002,0.0002,0,0,0,0,0,0,0,0,0.0091,0,0,0,0,0,0.106,0.0216,0.9784,1,0,24,8,20,Medium,102,1.1
"2010",325,ITA,0,"47,858,795",0,0,"160,086","48,018,881",0,0,0,"39,000","39,000",0,0,0,0,0,0,"700,000","700,000",0,0,"8,831","8,831",0,"7,923","24,193",0,"5,123",0,0,0,"46,270","2,117","11,300,000","330,886","60,152,338","60,483,224",0,0.7913,0,0,0.0026,0.7939,0,0,0,0.0006,0.0006,0,0,0,0,0,0,0.0116,0.0116,0,0,0.0001,0.0001,0,0.0001,0.0004,0,0.0001,0,0,0,0.0008,0,0.1868,0.0055,0.9945,1,0,2,4,7,High,83,1.1
"2010",317,SLO,"473,787","3,370,291","257,764",0,0,"4,101,842",0,0,0,"2,445","2,445",0,0,0,0,0,0,521,521,0,0,0,0,0,0,0,0,"1,072",0,0,0,0,0,"730,349","597,914","4,836,229","5,434,143",0.0872,0.6202,0.0474,0,0,0.7548,0,0,0,0.0004,0.0004,0,0,0,0,0,0,0.0001,0.0001,0,0,0,0,0,0,0,0,0.0002,0,0,0,0,0,0.1344,0.11,0.89,1,0,24,4,5,High,120,1.1
"2010",316,CZR,"174,855","2,077,857",0,0,0,"2,252,712",0,0,0,"7,322","7,322",0,0,0,0,0,0,"1,338","1,338",0,0,0,0,0,0,0,0,0,0,0,0,0,0,"7,980,000","293,739","10,241,372","10,535,111",0.0166,0.1972,0,0,0,0.2138,0,0,0,0.0007,0.0007,0,0,0,0,0,0,0.0001,0.0001,0,0,0,0,0,0,0,0,0,0,0,0,0,0,0.7575,0.0279,0.9721,1,0,24,4,5,High,119,1.1
"2010",310,HUN,"1,799,569","4,677,371","192,155",0,0,"6,669,095",0,0,0,"10,965","10,965",0,0,0,0,0,0,"4,500","4,500",0,0,0,0,0,0,0,0,0,0,0,0,0,0,"2,688,805","526,635","9,373,365","9,900,000",0.1818,0.4725,0.0194,0,0,0.6736,0,0,0,0.0011,0.0011,0,0,0,0,0,0,0.0005,0.0005,0,0,0,0,0,0,0,0,0,0,0,0,0,0,0.2716,0.0532,0.9468,1,0,24,4,5,High,117,1.1
"2010",31,BHM,"211,798","43,863",0,"46,996",0,"302,657",0,0,0,305,305,0,0,0,0,0,0,0,0,0,0,0,0,0,0,0,0,0,93,0,0,0,"1,018","9,086",153,"313,159","313,312",0.676,0.14,0,0.15,0,0.966,0,0,0,0.001,0.001,0,0,0,0,0,0,0,0,0,0,0,0,0,0,0,0,0,0.0003,0,0,0,0.0032,0.029,0.0005,0.9995,1,0,24,4,8,High,83,1.1
"2010",305,AUS,"503,386","5,369,453","83,897",0,"167,795","6,124,531",0,0,0,"8,298","8,298",0,0,0,0,0,0,"398,571","398,571",0,0,0,0,0,0,0,0,0,0,0,0,0,0,"1,293,783","564,588","7,825,183","8,389,771",0.06,0.64,0.01,0,0.02,0.73,0,0,0,0.001,0.001,0,0,0,0,0,0,0.0475,0.0475,0,0,0,0,0,0,0,0,0,0,0,0,0,0,0.1542,0.0673,0.9327,1,0,24,5,10,Medium,83,1.1
"2010",290,POL,"145,600","33,507,000","505,200",0,"381,829","34,539,629",0,0,0,"1,600","1,600",0,0,0,0,0,0,"5,100","5,100",0,0,"1,500","1,500",0,0,0,0,0,0,0,0,0,0,"3,054,633","580,458","37,602,462","38,182,920",0.0038,0.8775,0.0132,0,0.01,0.9046,0,0,0,0,0,0,0,0,0,0,0,0.0001,0.0001,0,0,0,0,0,0,0,0,0,0,0,0,0,0,0.08,0.0152,0.9848,1,0,24,5,20,Medium,112,1.1
"2010",255,GMY,"25,300,000","25,700,000","1,356,203","29,003","5,442,786","57,827,992",0,0,0,"119,000","119,000","2,900,000","280,000",0,0,"500,000",0,"320,000","4,000,000",0,0,"245,000","245,000",0,"97,500","25,000",0,"10,000",0,0,0,0,0,"18,790,764","583,720","81,115,256","81,698,976",0.3097,0.3146,0.0166,0.0004,0.0666,0.7078,0,0,0,0.0015,0.0015,0.0355,0.0034,0,0,0.0061,0,0.0039,0.049,0,0,0.003,0.003,0,0.0012,0.0003,0,0.0001,0,0,0,0,0,0.23,0.0071,0.9929,1,0,34,4,10,Medium,83,1.1
"2010",235,POR,"85,140","8,780,066","63,855","2,693","191,565","9,123,319",0,0,0,"3,192","3,192",0,0,0,0,0,0,"90,987","90,987",0,0,"59,598","59,598",0,"6,386",426,0,"1,980",0,0,0,0,0,"735,901","620,716","10,021,789","10,642,505",0.008,0.825,0.006,0.0003,0.018,0.8573,0,0,0,0.0003,0.0003,0,0,0,0,0,0,0.0085,0.0085,0,0,0.0056,0.0056,0,0.0006,0,0,0.0002,0,0,0,0,0,0.0691,0.0583,0.9417,1,0,24,4,8,High,109,1.1
"2010",232,AND,300,"73,054",0,0,"4,192","77,546",0,0,0,0,0,0,0,0,0,0,0,769,769,0,0,0,0,0,300,0,0,0,0,0,0,0,0,"6,807",78,"85,422","85,500",0.0035,0.8544,0,0,0.049,0.907,0,0,0,0,0,0,0,0,0,0,0,0.009,0.009,0,0,0,0,0,0.0035,0,0,0,0,0,0,0,0,0.0796,0.0009,0.9991,1,0,24,5,20,Medium,83,1.1
"2010",230,SPN,"1,200,000","35,000,000",0,0,"921,529","37,121,529",0,0,0,"12,000","12,000",0,0,0,0,0,0,"1,400,000","1,400,000",0,0,"10,200","10,200",0,0,0,0,0,0,0,0,0,0,"7,372,239","160,528","45,915,968","46,076,496",0.026,0.7596,0,0,0.02,0.8056,0,0,0,0.0003,0.0003,0,0,0,0,0,0,0.0304,0.0304,0,0,0.0002,0.0002,0,0,0,0,0,0,0,0,0,0,0.16,0.0035,0.9965,1,0,24,4,7,High,83,1.1
"2010",225,SWZ,"2,193,742","3,710,000","78,251",0,"322,000","6,303,993",0,0,0,"17,500","17,500",0,0,0,0,0,0,"322,000","322,000",0,0,"25,431","25,431",0,"24,336",0,0,"4,037",0,0,0,0,0,"1,050,000","77,825","7,747,297","7,825,122",0.2803,0.4741,0.01,0,0.0411,0.8056,0,0,0,0.0022,0.0022,0,0,0,0,0,0,0.0411,0.0411,0,0,0.0032,0.0032,0,0.0031,0,0,0.0005,0,0,0,0,0,0.1342,0.0099,0.9901,1,0,24,4,7,High,104,1.1
"2010",223,LIE,"3,062","27,450",415,0,104,"31,031",0,0,0,40,40,0,0,0,0,0,0,"1,960","1,960",0,0,148,148,0,0,0,0,11,0,0,0,0,0,"1,952",618,"35,142","35,760",0.0856,0.7676,0.0116,0,0.0029,0.8678,0,0,0,0.0011,0.0011,0,0,0,0,0,0,0.0548,0.0548,0,0,0.0041,0.0041,0,0,0,0,0.0003,0,0,0,0,0,0.0546,0.0173,0.9827,1,0,24,4,7,High,94,1.1
"2010",221,MNC,936,"24,789",578,247,0,"26,550",0,0,0,500,500,0,0,0,0,0,0,264,264,0,0,0,0,0,0,0,0,0,0,0,0,0,0,"4,270","1,521","31,584","33,105",0.0283,0.7488,0.0175,0.0075,0,0.802,0,0,0,0.0151,0.0151,0,0,0,0,0,0,0.008,0.008,0,0,0,0,0,0,0,0,0,0,0,0,0,0,0.129,0.0459,0.9541,1,0,24,4,10,Medium,83,1.1
"2010",220,FRN,"1,254,451","40,456,051","732,642","14,865","1,565,352","44,023,361",0,0,0,"480,000","480,000","4,500,000","450,000",0,0,0,0,0,"4,950,000",0,0,"650,755","650,755",0,"51,000",0,0,0,0,0,0,"223,292","115,410","12,008,726","220,016","62,502,544","62,722,560",0.02,0.645,0.0117,0.0002,0.025,0.7019,0,0,0,0.0077,0.0077,0.0717,0.0072,0,0,0,0,0,0.0789,0,0,0.0104,0.0104,0,0.0008,0,0,0,0,0,0,0.0036,0.0018,0.1915,0.0035,0.9965,1,0,234,4,10,Medium,83,1.1
"2010",212,LUX,"8,500","445,137","2,500",0,"4,500","460,637",0,0,0,600,600,"9,139","1,000",0,0,0,0,0,"10,139",0,0,0,0,0,0,0,0,"1,593",0,0,0,0,0,"25,101","7,768","498,070","505,838",0.0168,0.88,0.0049,0,0.0089,0.9106,0,0,0,0.0012,0.0012,0.0181,0.002,0,0,0,0,0,0.02,0,0,0,0,0,0,0,0,0.0031,0,0,0,0,0,0.0496,0.0154,0.9846,1,0,24,4,10,Medium,83,1.1
"2010",211,BEL,"108,763","6,797,746","64,823","11,014","543,819","7,526,165",0,0,0,"30,000","30,000","489,437","54,381",0,0,0,0,0,"543,818",0,0,"32,629","32,629",0,"7,500","3,500",0,0,0,0,0,0,0,"2,088,267","644,516","10,231,879","10,876,395",0.01,0.625,0.006,0.001,0.05,0.692,0,0,0,0.0028,0.0028,0.045,0.005,0,0,0,0,0,0.05,0,0,0.003,0.003,0,0.0007,0.0003,0,0,0,0,0,0,0,0.192,0.0593,0.9407,1,0,24,2,10,Medium,83,1.1
"2010",210,NTH,"2,824,128","4,485,380","7,988","8,545","2,300,000","9,626,041",0,0,0,"25,700","25,700",0,0,0,0,0,0,"963,526","963,526",0,0,"201,012","201,012",299,"107,151","13,290",0,"6,678",0,0,0,"6,911",665,"5,648,257","12,992","16,599,530","16,612,522",0.17,0.27,0.0005,0.0005,0.1384,0.5794,0,0,0,0.0015,0.0015,0,0,0,0,0,0,0.058,0.058,0,0,0.0121,0.0121,0,0.0065,0.0008,0,0.0004,0,0,0,0.0004,0,0.34,0.0008,0.9992,1,0,24,4,5,High,77,1.1
"2010",205,IRE,"31,442","3,861,335","14,205","134,325","109,000","4,150,307",0,0,0,"1,984","1,984",0,0,0,0,0,0,"25,700","25,700",0,0,781,781,0,0,0,0,"1,549",0,0,0,0,0,"269,811","12,855","4,450,132","4,462,987",0.007,0.8652,0.0032,0.0301,0.0244,0.9299,0,0,0,0.0004,0.0004,0,0,0,0,0,0,0.0058,0.0058,0,0,0.0002,0.0002,0,0,0,0,0.0003,0,0,0,0,0,0.0605,0.0029,0.9971,1,0,123,4,5,High,751,1.1
"2010",200,UKG,"4,525,200","4,409,825","259,348","19,791,400","9,971,500","38,957,273",0,0,0,"263,000","263,000","2,403,000","297,000",0,0,0,0,0,"2,700,000",0,0,"248,827","248,827","4,105","817,000","423,000",0,"5,021","4,144","20,000",0,"226,063","81,782","16,275,000","2,181,661","60,025,215","62,206,876",0.0727,0.0709,0.0042,0.3182,0.1603,0.6263,0,0,0,0.0042,0.0042,0.0386,0.0048,0,0,0,0,0,0.0434,0,0,0.004,0.004,0.0001,0.0131,0.0068,0,0.0001,0.0001,0.0003,0,0.0036,0.0013,0.2616,0.0351,0.9649,1,0,13,4,30,High,75,1.1
"2010",20,CAN,"7,929,127","14,497,030","785,000","2,722,447","497,500","26,431,104","68,061","119,107","51,045","102,091","340,304","600,000","70,000",0,0,0,0,0,"670,000",0,0,"670,000","670,000","6,130","275,000","275,000",915,"18,945","3,620","3,320","2,700","27,000","70,861","5,670,000","35,101","34,464,899","34,500,000",0.2298,0.4202,0.0228,0.0789,0.0144,0.7661,0.002,0.0035,0.0015,0.003,0.0099,0.0174,0.002,0,0,0,0,0,0.0194,0,0,0.0194,0.0194,0.0002,0.008,0.008,0,0.0005,0.0001,0.0001,0.0001,0.0008,0.0021,0.1643,0.001,0.999,1,0,34,7,28,Low,26,1.1
"2010",2,USA,"119,755,961","78,397,889","7,036,875","4,847,625","23,072,957","233,111,307","1,051,778","1,747,021","2,436,322","707,127","5,942,248","2,476,980","337,770",0,0,0,0,0,"2,814,750","908,236",0,"2,502,000","3,410,236","1,644,887","1,797,698","406,908","156,375","482,784","11,768","83,984","91,591","803,181","1,773,577","59,422,500","796,206","311,953,794","312,750,000",0.3829,0.2507,0.0225,0.0155,0.0738,0.7454,0.0034,0.0056,0.0078,0.0023,0.019,0.0079,0.0011,0,0,0,0,0,0.009,0.0029,0,0.008,0.0109,0.0053,0.0057,0.0013,0.0005,0.0015,0,0.0003,0.0003,0.0026,0.0057,0.19,0.0025,0.9975,1,0,24,4,7,High,25,1.1
"2010",165,URU,"369,234","1,580,995","17,021",710,"778,749","2,746,709",0,0,0,"10,070","10,070",0,0,0,0,0,0,"1,015","1,015",0,0,32,32,0,0,0,0,"4,061",0,0,0,0,16,"577,348","17,428","3,339,251","3,356,679",0.11,0.471,0.0051,0.0002,0.232,0.8183,0,0,0,0.003,0.003,0,0,0,0,0,0,0.0003,0.0003,0,0,0,0,0,0,0,0,0.0012,0,0,0,0,0,0.172,0.0052,0.9948,1,0,234,4,10,Medium,99,1.1
"2010",160,ARG,"4,039,999","30,299,994","53,703","7,013",0,"34,400,709",0,0,0,"275,000","275,000",0,0,0,0,0,0,"611,000","611,000",0,0,"7,236","7,236",0,"1,967",385,0,"4,651",0,0,162,145,"30,206","4,847,999","220,532","40,179,460","40,399,992",0.1,0.75,0.0013,0.0002,0,0.8515,0,0,0,0.0068,0.0068,0,0,0,0,0,0,0.0151,0.0151,0,0,0.0002,0.0002,0,0,0,0,0.0001,0,0,0,0,0.0007,0.12,0.0055,0.9945,1,0,24,5,20,Medium,83,1.1
"2010",155,CHL,"1,811,913","12,954,191","341,548",0,"480,000","15,587,652",0,0,0,"20,664","20,664",0,0,0,0,0,0,"4,500","4,500",0,0,"2,700","2,700",0,0,0,0,0,0,0,0,"2,254","150,000","1,024,644","285,002","16,792,414","17,077,416",0.1061,0.7586,0.02,0,0.0281,0.9128,0,0,0,0.0012,0.0012,0,0,0,0,0,0,0.0003,0.0003,0,0,0.0002,0.0002,0,0,0,0,0,0,0,0,0.0001,0.0088,0.06,0.0167,0.9833,1,0,234,4,10,Medium,84,1.1
"2010",150,PAR,"258,212","5,680,657",0,"6,455","193,659","6,138,983",0,0,0,"3,208","3,208",0,0,0,0,0,0,"3,873","3,873",0,0,"14,783","14,783",0,0,0,0,"5,600",0,0,0,0,"29,405","193,658","65,782","6,389,510","6,455,292",0.04,0.88,0,0.001,0.03,0.951,0,0,0,0.0005,0.0005,0,0,0,0,0,0,0.0006,0.0006,0,0,0.0023,0.0023,0,0,0,0,0.0009,0,0,0,0,0.0046,0.03,0.0102,0.9898,1,0,24,4,8,High,84,1.1
"2010",145,BOL,"1,373,600","8,340,600","4,400","1,500",0,"9,720,100",0,0,0,350,350,0,0,0,0,0,0,"1,031","1,031",0,0,"3,836","3,836",0,0,0,0,0,0,0,0,773,"162,419","412,492","11,314","10,301,001","10,312,315",0.1332,0.8088,0.0004,0.0001,0,0.9426,0,0,0,0,0,0,0,0,0,0,0,0.0001,0.0001,0,0,0.0004,0.0004,0,0,0,0,0,0,0,0,0.0001,0.0158,0.04,0.0011,0.9989,1,0,24,5,20,Medium,84,1.1
"2010",140,BRA,"51,122,554","113,690,456",0,0,"3,500,000","168,313,010",0,0,0,"107,000","107,000",0,0,0,0,0,0,"35,167","35,167",0,0,"244,000","244,000",0,"5,675",0,"155,951","41,630",0,0,0,"42,016","4,387,383","16,214,243","1,209,725","189,546,075","190,755,800",0.268,0.596,0,0,0.0183,0.8823,0,0,0,0.0006,0.0006,0,0,0,0,0,0,0.0002,0.0002,0,0,0.0013,0.0013,0,0,0,0.0008,0.0002,0,0,0,0.0002,0.023,0.085,0.0063,0.9937,1,0,24,4,8,High,100,1.1
"2010",135,PER,"3,675,330","23,904,351",0,0,0,"27,579,681",0,0,0,"3,000","3,000",0,0,0,0,0,0,"6,000","6,000",0,0,"10,200","10,200",0,0,0,0,"10,000",0,0,0,0,"50,000","1,176,105","567,660","28,834,986","29,402,646",0.125,0.813,0,0,0,0.938,0,0,0,0.0001,0.0001,0,0,0,0,0,0,0.0002,0.0002,0,0,0.0003,0.0003,0,0,0,0,0.0003,0,0,0,0,0.0017,0.04,0.0193,0.9807,1,0,24,5,10,Medium,83,1.1
"2010",130,ECU,"284,183","12,361,961",0,0,"184,183","12,830,327",0,0,0,"1,000","1,000",0,0,0,0,0,0,"1,500","1,500",0,0,"7,460","7,460",0,0,0,0,"1,720",0,0,0,0,"35,000","1,207,777","124,367","14,084,784","14,209,151",0.02,0.87,0,0,0.013,0.903,0,0,0,0.0001,0.0001,0,0,0,0,0,0,0.0001,0.0001,0,0,0.0005,0.0005,0,0,0,0,0.0001,0,0,0,0,0.0025,0.085,0.0088,0.9912,1,0,234,5,20,Medium,1,1.1
"2010",115,SUR,"142,632","129,048",0,0,0,"271,680",0,0,0,290,290,0,0,0,0,0,0,"110,936","110,936",0,0,0,0,0,"155,084",0,0,0,0,0,0,0,"28,000",0,10,"565,990","566,000",0.252,0.228,0,0,0,0.48,0,0,0,0.0005,0.0005,0,0,0,0,0,0,0.196,0.196,0,0,0,0,0,0.274,0,0,0,0,0,0,0,0.0495,0,0,1,1,0,24,5,20,Medium,1,1.1
"2010",110,GUY,"191,875","61,400","5,027","54,492","115,125","427,919",0,0,0,29,29,0,0,0,0,0,0,"57,562","57,562",0,0,0,0,0,"226,412",0,0,"4,850",0,0,0,"1,000","8,500","38,375","2,854","764,647","767,501",0.25,0.08,0.0065,0.071,0.15,0.5575,0,0,0,0,0,0,0,0,0,0,0,0.075,0.075,0,0,0,0,0,0.295,0,0,0.0063,0,0,0,0.0013,0.0111,0.05,0.0037,0.9963,1,0,234,5,20,Medium,85,1.1
"2010",101,VEN,"4,325,100","23,067,200",0,0,0,"27,392,300",0,0,0,"16,515","16,515",0,0,0,0,0,0,"29,864","29,864",0,0,"12,177","12,177",0,0,0,0,"10,000",0,0,0,"6,113","53,700","1,267,254","46,077","28,787,923","28,834,000",0.15,0.8,0,0,0,0.95,0,0,0,0.0006,0.0006,0,0,0,0,0,0,0.001,0.001,0,0,0.0004,0.0004,0,0,0,0,0.0003,0,0,0,0.0002,0.0019,0.0439,0.0016,0.9984,1,0,234,4,28,Low,84,1.1
"2010",100,COL,"6,944,250","37,961,900","3,022","1,475",0,"44,910,647",0,0,,"8,095","8,095",0,0,0,0,0,0,"27,740","27,740",0,0,"1,619","1,619",0,"8,095",0,0,"47,225",0,0,0,"1,295","405,206","694,425","190,653","46,104,347","46,295,000",0.15,0.82,0.0001,0,0,0.9701,0,0,0,0.0002,0.0002,0,0,0,0,0,0,0.0006,0.0006,0,0,0,0,0,0.0002,0,0,0.001,0,0,0,0,0.0088,0.015,0.0041,0.9959,1,0,24,4,24,Medium,99,1.1
